ID,Date,lat,lon,ele,time,magvar,geoidheight,name,cmt,desc,src,sym,type,fix,sat,hdop,vdop,pdop,ageofdgpsdata,dgpsid,Proximity,Temperature,Depth,DisplayMode,Samples,Expiration,CreationTime
467,05/03/2017,-26.61943643,-55.66792401,307.990051,2017-06-03T20:02:07Z,,,CSR05032017,,,,Waypoint,user,,,,,,,,,,,SymbolAndName,,,2017-06-03T20:02:07Z
468,06/05/2017,-26.61820387,-55.67019543,305.597534,2017-05-06T14:49:26Z,,,CSR060520171,,,,Waypoint,user,,,,,,,,,,,SymbolAndName,,,2017-05-06T14:49:26Z
469,06/05/2017,-26.61981722,-55.66911005,306.54361,2017-05-06T15:00:52Z,,,CSR060520172,,,,Waypoint,user,,,,,,,,,,,SymbolAndName,,,2017-05-06T15:00:52Z
470,06/05/2017,-26.62028099,-55.66842198,311.931091,2017-05-06T16:01:30Z,,,CSR060520173,,,,Waypoint,user,,,,,,,,,,,SymbolAndName,,,2017-05-06T16:01:30Z
471,06/05/2017,-26.6224214,-55.67203182,309.281189,2017-05-06T16:28:42Z,,,CSR060520174,,,,Waypoint,user,,,,,,,,,,,SymbolAndName,,,2017-05-06T16:28:42Z
472,06/05/2017,-26.62135203,-55.67365103,305.580688,2017-05-06T16:39:24Z,,,CSR060520175,,,,Waypoint,user,,,,,,,,,,,SymbolAndName,,,2017-05-06T16:39:24Z
80,07/05/2017,-26.63072384,-55.66193732,268.6875,2017-05-07T15:58:30Z,,,CC07052017,200M 90DEGREES,200M 90DEGREES,,Waypoint,user,,,,,,,,,,,SymbolAndName,,,2017-05-07T15:58:30Z
103,09/05/2017,-26.62504845,-55.66272229,286.858887,2017-05-09T19:56:47Z,,,CC09052017,,,,Waypoint,user,,,,,,,,,,,SymbolAndName,,,2017-05-09T19:56:47Z
104,09/05/2017,-26.6254564,-55.66252615,292,2017-05-09T20:25:21Z,,,CC090520172,"One adult
","One adult
",,Waypoint,user,,,,,,,,,,,SymbolAndName,,,2017-05-09T20:25:21Z
105,09/05/2017,-26.62591355,-55.66111095,292.648743,2017-05-09T20:45:56Z,,,CC090520173,75ME,75ME,,Waypoint,user,,,,,,,,,,,SymbolAndName,,,2017-05-09T20:45:56Z
473,09/05/2017,-26.617736,-55.66684795,301.855103,2017-05-09T15:59:00Z,,,CSR09052017,S100M,S100M,,Waypoint,user,,,,,,,,,,,SymbolAndName,,,2017-05-09T15:59:00Z
119,10/05/2017,-26.62699523,-55.6612293,266.858276,2017-05-10T10:26:52Z,,,CC10052017,5MSO,5MSO,,Waypoint,user,,,,,,,,,,,SymbolAndName,,,2017-05-10T10:26:52Z
120,10/05/2017,-26.62790434,-55.66193414,285.216217,2017-05-10T11:15:11Z,,,CC100520172,300MSW,300MSW,,Waypoint,user,,,,,,,,,,,SymbolAndName,,,2017-05-10T11:15:11Z
121,10/05/2017,-26.62599301,-55.66188804,283.611816,2017-05-10T12:50:35Z,,,CC100520173,800M 280DEGREES,800M 280DEGREES,,Waypoint,user,,,,,,,,,,,SymbolAndName,,,2017-05-10T12:50:35Z
122,10/05/2017,-26.62733026,-55.66650672,277.076599,2017-05-10T16:21:50Z,,,CC100520174,200M S,200M S,,Waypoint,user,,,,,,,,,,,SymbolAndName,,,2017-05-10T16:21:50Z
123,10/05/2017,-26.62590701,-55.66586567,274.156464,2017-05-10T16:29:20Z,,,CC100520175,5MSE,5MSE,,Waypoint,user,,,,,,,,,,,SymbolAndName,,,2017-05-10T16:29:20Z
124,10/05/2017,-26.62588572,-55.66592971,282.661865,2017-05-11T17:04:40Z,,,CC1005201762,,,,Waypoint,user,,,,,,,,,,,SymbolAndName,,,2017-05-11T17:04:40Z
125,10/05/2017,-26.62601598,-55.66605703,283.159668,2017-05-11T17:03:48Z,,,CC1005201771,5M 160D,5M 160D,,Waypoint,user,,,,,,,,,,,SymbolAndName,,,2017-05-11T17:03:48Z
126,10/05/2017,-26.62666759,-55.66555344,283.400879,2017-05-11T17:02:32Z,,,CC1005201781,250M 175D,250M 175D,,Waypoint,user,,,,,,,,,,,SymbolAndName,,,2017-05-11T17:02:32Z
127,10/05/2017,-26.6270762,-55.6679013,283.432831,2017-05-11T17:01:42Z,,,CC1005201791,250M,250M,,Waypoint,user,,,,,,,,,,,SymbolAndName,,,2017-05-11T17:01:42Z
474,10/05/2017,-26.61909873,-55.66272715,298.368042,2017-05-10T13:42:18Z,,,CSR10052017,500M SE,500M SE,,Waypoint,user,,,,,,,,,,,SymbolAndName,,,2017-05-10T13:42:18Z
143,11/05/2017,-26.63109298,-55.67044999,273.719543,2017-05-11T10:00:13Z,,,CC11052017,,,,Waypoint,user,,,,,,,,,,,SymbolAndName,,,2017-05-11T10:00:13Z
144,11/05/2017,-26.63048454,-55.67057261,280.360962,2017-05-11T10:16:04Z,,,CC110520172,15M,15M,,Waypoint,user,,,,,,,,,,,SymbolAndName,,,2017-05-11T10:16:04Z
145,11/05/2017,-26.62808924,-55.66806852,290.115173,2017-05-11T12:31:59Z,,,CC110520173,400M E,400M E,,Waypoint,user,,,,,,,,,,,SymbolAndName,,,2017-05-11T12:31:59Z
478,11/05/2017,-26.61719218,-55.66847714,310.188202,2017-05-11T15:10:53Z,,,CSR11052017,,,,Waypoint,user,,,,,,,,,,,SymbolAndName,,,2017-05-11T15:10:53Z
482,13/05/2017,-26.61911918,-55.67038637,311.5849,2017-05-13T13:40:06Z,,,CSR130520171,,,,Waypoint,user,,,,,,,,,,,SymbolAndName,,,2017-05-13T13:40:06Z
197,14/05/2017,-26.62294317,-55.66491743,280.967224,2017-05-14T20:22:32Z,,,CC1405201731,200M E,200M E,,Waypoint,user,,,,,,,,,,,SymbolAndName,,,2017-05-14T20:22:32Z
483,14/05/2017,-26.62123988,-55.67258259,305.680237,2017-05-14T13:47:19Z,,,CSR140520171,75M N,75M N,,Waypoint,user,,,,,,,,,,,SymbolAndName,,,2017-05-14T13:47:19Z
212,15/05/2017,-26.62242685,-55.66812979,287.372253,2017-05-17T12:16:01Z,,,CC1505201731,,,,Waypoint,user,,,,,,,,,,,SymbolAndName,,,2017-05-17T12:16:01Z
213,15/05/2017,-26.62266296,-55.66788596,286.968781,2017-05-17T12:16:55Z,,,CC1505201741,10MW,10MW,,Waypoint,user,,,,,,,,,,,SymbolAndName,,,2017-05-17T12:16:55Z
214,15/05/2017,-26.62268895,-55.66744784,285.258423,2017-05-17T12:18:16Z,,,CC1505201751,15M70DE,15M70DE,,Waypoint,user,,,,,,,,,,,SymbolAndName,,,2017-05-17T12:18:16Z
215,15/05/2017,-26.62288617,-55.66669456,280.773376,2017-05-17T13:25:22Z,,,CC1505201761,25M350DE,25M350DE,,Waypoint,user,,,,,,,,,,,SymbolAndName,,,2017-05-17T13:25:22Z
274,18/05/2017,-26.63077497,-55.67018302,281.351166,2017-05-18T11:37:35Z,,,CC180520171,,,,Waypoint,user,,,,,,,,,,,SymbolAndName,,,2017-05-18T11:37:35Z
388,28/05/2017,-26.62766352,-55.66119678,284.773682,2017-05-28T19:41:37Z,,,CC28052017,,,,Waypoint,user,,,,,,,,,,,SymbolAndName,,,2017-05-28T19:41:37Z
389,28/05/2017,-26.62440942,-55.66146903,294.908264,2017-05-28T16:46:17Z,,,CC280520171,70M E,70M E,,Waypoint,user,,,,,,,,,,,SymbolAndName,,,2017-05-28T16:46:17Z
390,28/05/2017,-26.62748298,-55.66089462,286.653839,2017-05-28T19:47:54Z,,,CC280520172,,,,Waypoint,user,,,,,,,,,,,SymbolAndName,,,2017-05-28T19:47:54Z
391,28/05/2017,-26.62716723,-55.65990589,288.918152,2017-05-28T20:06:27Z,,,CC280520173,,,,Waypoint,user,,,,,,,,,,,SymbolAndName,,,2017-05-28T20:06:27Z
392,28/05/2017,-26.62547803,-55.66456103,269.009003,2017-05-28T19:43:29Z,,,CC280520174,,,,Waypoint,user,,,,,,,,,,,SymbolAndName,,,2017-05-28T19:43:29Z
393,28/05/2017,-26.62749304,-55.65998803,293.297485,2017-05-28T21:13:03Z,,,CC2805201741,,,,Waypoint,user,,,,,,,,,,,SymbolAndName,,,2017-05-28T21:13:03Z
394,28/05/2017,-26.62787198,-55.66585603,260.901306,2017-05-28T21:03:39Z,,,CC280520175,,,,Waypoint,user,,,,,,,,,,,SymbolAndName,,,2017-05-28T21:03:39Z
410,29/05/2017,-26.630594,-55.66991799,283.136688,2017-05-30T11:30:03Z,,,CC2905201721,SS,SS,,Waypoint,user,,,,,,,,,,,SymbolAndName,,,2017-05-30T11:30:03Z
427,30/05/2017,-26.62967987,-55.66979779,271.795654,2017-05-30T11:06:59Z,,,CC300520171,,,,Waypoint,user,,,,,,,,,,,SymbolAndName,,,2017-05-30T11:06:59Z
428,30/05/2017,-26.6308722,-55.66372267,273.017792,2017-05-30T14:16:54Z,,,CC300520172,,,,Waypoint,user,,,,,,,,,,,SymbolAndName,,,2017-05-30T14:16:54Z
429,30/05/2017,-26.63057598,-55.66996702,283.008514,2017-05-30T11:29:02Z,,,CC3005201721,,,,Waypoint,user,,,,,,,,,,,SymbolAndName,,,2017-05-30T11:29:02Z
430,30/05/2017,-26.63065704,-55.66377296,273.436768,2017-05-30T14:18:04Z,,,CC300520173,,,,Waypoint,user,,,,,,,,,,,SymbolAndName,,,2017-05-30T14:18:04Z
431,30/05/2017,-26.63042142,-55.66357138,273.488831,2017-05-30T14:18:40Z,,,CC300520174,,,,Waypoint,user,,,,,,,,,,,SymbolAndName,,,2017-05-30T14:18:40Z
16,02/06/2017,-26.62171572,-55.6648326,291.363403,2017-06-02T13:39:57Z,,,CC020620171,,,,Waypoint,user,,,,,,,,,,,SymbolAndName,,,2017-06-02T13:39:57Z
17,02/06/2017,-26.62279598,-55.6640012,296.184601,2017-06-02T14:20:49Z,,,CC0206201721,,,,Waypoint,user,,,,,,,,,,,SymbolAndName,,,2017-06-02T14:20:49Z
18,02/06/2017,-26.63091696,-55.66999401,281.866394,2017-06-03T10:40:20Z,,,CC0206201751,SS,SS,,Waypoint,user,,,,,,,,,,,SymbolAndName,,,2017-06-03T10:40:20Z
24,03/06/2017,-26.63090296,-55.67007104,281.818298,2017-06-03T10:39:51Z,,,CC03062017,,,,Waypoint,user,,,,,,,,,,,SymbolAndName,,,2017-06-03T10:39:51Z
25,03/06/2017,-26.63077002,-55.66946402,244.839966,2017-06-03T11:38:30Z,,,CC030620171,,,,Waypoint,user,,,,,,,,,,,SymbolAndName,,,2017-06-03T11:38:30Z
26,03/06/2017,-26.63053701,-55.66983098,280.555786,2017-06-03T11:03:29Z,,,CC030620173,,,,Waypoint,user,,,,,,,,,,,SymbolAndName,,,2017-06-03T11:03:29Z
463,03/06/2017,-26.61981756,-55.66845006,310.060364,2017-06-03T20:16:24Z,,,CSR03062017,,,,Waypoint,user,,,,,,,,,,,SymbolAndName,,,2017-06-03T20:16:24Z
464,03/06/2017,-26.61873789,-55.67036692,310.690369,2017-06-03T20:08:48Z,,,CSR030620171,,,,Waypoint,user,,,,,,,,,,,SymbolAndName,,,2017-06-03T20:08:48Z
465,03/06/2017,-26.61913997,-55.66783307,310.418976,2017-06-03T20:11:01Z,,,CSR030620172,4:15PM 6/3/17,4:15PM 6/3/17,,Waypoint,user,,,,,,,,,,,SymbolAndName,,,2017-06-03T20:11:01Z
466,03/06/2017,-26.61864577,-55.66946193,312.172241,2017-06-03T20:11:16Z,,,CSR0306201721,,,,Waypoint,user,,,,,,,,,,,SymbolAndName,,,2017-06-03T20:11:16Z
1,06/06/2017,-26.63054254,-55.6671704,286.470917,2017-06-06T11:52:29Z,,,C0606201721,,,,Waypoint,user,,,,,,,,,,,SymbolAndName,,,2017-06-06T11:52:29Z
60,06/06/2017,-26.62803677,-55.66110022,283.569275,2017-06-06T20:35:07Z,,,CC06062017,06/06/2017,06/06/2017,,Waypoint,user,,,,,,,,,,,SymbolAndName,,,2017-06-06T20:35:07Z
61,06/06/2017,-26.63126363,-55.67016567,252.262253,2017-06-06T10:59:47Z,,,CC060620171,10ME,10ME,,Waypoint,user,,,,,,,,,,,SymbolAndName,,,2017-06-06T10:59:47Z
62,06/06/2017,-26.623575,-55.66772687,284.797577,2017-06-06T17:16:59Z,,,CC060620172,,,,Waypoint,user,,,,,,,,,,,SymbolAndName,,,2017-06-06T17:16:59Z
63,06/06/2017,-26.63049912,-55.66619122,272.421875,2017-06-06T12:23:54Z,,,CC0606201741,40MN,40MN,,Waypoint,user,,,,,,,,,,,SymbolAndName,,,2017-06-06T12:23:54Z
64,06/06/2017,-26.63248798,-55.66136601,269.729767,2017-06-07T12:12:27Z,,,CC0606201751,,,,Waypoint,user,,,,,,,,,,,SymbolAndName,,,2017-06-07T12:12:27Z
81,07/06/2017,-26.62741098,-55.66113099,278.484406,2017-06-07T10:33:04Z,,,CC070620171,,,,Waypoint,user,,,,,,,,,,,SymbolAndName,,,2017-06-07T10:33:04Z
82,07/06/2017,-26.62746596,-55.66086796,282.442627,2017-06-07T11:13:53Z,,,CC0706201721,,,,Waypoint,user,,,,,,,,,,,SymbolAndName,,,2017-06-07T11:13:53Z
83,07/06/2017,-26.62753101,-55.66070602,282.866364,2017-06-07T11:36:01Z,,,CC0706201741,,,,Waypoint,user,,,,,,,,,,,SymbolAndName,,,2017-06-07T11:36:01Z
202,14/07/2017,-26.62023515,-55.66291725,291.960876,2017-07-14T17:01:56Z,,,CC14072017,,,,Waypoint,user,,,,,,,,,,,SymbolAndName,,,2017-07-14T17:01:56Z
203,14/07/2017,-26.62799536,-55.6610237,220.908478,2017-07-14T17:06:54Z,,,CC140720171,18M HIGH MO,18M HIGH MO,,Waypoint,user,,,,,,,,,,,SymbolAndName,,,2017-07-14T17:06:54Z
205,14/07/2017,-26.62801866,-55.66135445,271.467041,2017-07-14T17:26:36Z,,,CC140720172,,,,Waypoint,user,,,,,,,,,,,SymbolAndName,,,2017-07-14T17:26:36Z
484,14/07/2017,-26.62124005,-55.66967156,300.31308,2017-07-14T14:46:30Z,,,CSR14072017,,,,Waypoint,user,,,,,,,,,,,SymbolAndName,,,2017-07-14T14:46:30Z
485,14/07/2017,-26.62096001,-55.671013,300.204559,2017-07-14T14:47:41Z,,,CSR140720172,,,,Waypoint,user,,,,,,,,,,,SymbolAndName,,,2017-07-14T14:47:41Z
486,14/07/2017,-26.62144499,-55.67154902,293.81723,2017-07-14T14:49:38Z,,,CSR140720173,,,,Waypoint,user,,,,,,,,,,,SymbolAndName,,,2017-07-14T14:49:38Z
487,14/07/2017,-26.62154599,-55.67161499,293.038605,2017-07-14T14:50:09Z,,,CSR140720174,,,,Waypoint,user,,,,,,,,,,,SymbolAndName,,,2017-07-14T14:50:09Z
488,14/07/2017,-26.62086337,-55.67290253,297.05835,2017-07-14T15:12:11Z,,,CSR140720175,,,,Waypoint,user,,,,,,,,,,,SymbolAndName,,,2017-07-14T15:12:11Z
489,14/07/2017,-26.62079833,-55.67299515,295.199463,2017-07-14T15:13:39Z,,,CSR140720176,,,,Waypoint,user,,,,,,,,,,,SymbolAndName,,,2017-07-14T15:13:39Z
490,14/07/2017,-26.61845416,-55.66401679,289.03479,2017-07-14T16:39:58Z,,,CSR140720177,,,,Waypoint,user,,,,,,,,,,,SymbolAndName,,,2017-07-14T16:39:58Z
216,15/07/2017,-26.62237714,-55.66293896,274.211182,2017-07-15T20:14:46Z,,,CC15072017,,,,Waypoint,user,,,,,,,,,,,SymbolAndName,,,2017-07-15T20:14:46Z
217,15/07/2017,-26.631126,-55.67055903,290.380341,2017-07-15T10:09:27Z,,,CC150720171,,,,Waypoint,user,,,,,,,,,,,SymbolAndName,,,2017-07-15T10:09:27Z
230,15/07/2017,-26.62660673,-55.66205886,281.762085,2017-07-15T19:28:56Z,,,CC157201731,,,,Waypoint,user,,,,,,,,,,,SymbolAndName,,,2017-07-15T19:28:56Z
491,15/07/2017,-26.61991068,-55.66857227,299.513519,2017-07-15T13:22:55Z,,,CSR15072017,,,,Waypoint,user,,,,,,,,,,,SymbolAndName,,,2017-07-15T13:22:55Z
239,16/07/2017,-26.6275388,-55.66126543,265.048431,2017-07-16T10:12:24Z,,,CC160720171,,,,Waypoint,user,,,,,,,,,,,SymbolAndName,,,2017-07-16T10:12:24Z
240,16/07/2017,-26.62708526,-55.6611858,273.489746,2017-07-16T11:29:11Z,,,CC160720172,,,,Waypoint,user,,,,,,,,,,,SymbolAndName,,,2017-07-16T11:29:11Z
241,16/07/2017,-26.62960703,-55.66065104,276.021118,2017-07-16T15:59:21Z,,,CC160720173,,,,Waypoint,user,,,,,,,,,,,SymbolAndName,,,2017-07-16T15:59:21Z
242,16/07/2017,-26.6288929,-55.66098304,237.161392,2017-07-16T16:01:30Z,,,CC160720174,,,,Waypoint,user,,,,,,,,,,,SymbolAndName,,,2017-07-16T16:01:30Z
498,19/07/2017,-26.61790347,-55.6687705,317.512146,2017-07-19T14:55:09Z,,,CSR19072017,,,,Waypoint,user,,,,,,,,,,,SymbolAndName,,,2017-07-19T14:55:09Z
499,19/07/2017,-26.61679689,-55.66885105,224.599808,2017-07-19T13:22:54Z,,,CSR190720172,,,,Waypoint,user,,,,,,,,,,,SymbolAndName,,,2017-07-19T13:22:54Z
301,20/07/2017,-26.62451444,-55.66094843,178.956375,2017-07-21T16:10:32Z,,,CC200720171,150MR,150MR,,Waypoint,user,,,,,,,,,,,SymbolAndName,,,2017-07-21T16:10:32Z
309,22/07/2017,-26.62963822,-55.67017321,273.295441,2017-07-22T15:25:17Z,,,CC22072017,,,,Waypoint,user,,,,,,,,,,,SymbolAndName,,,2017-07-22T15:25:17Z
310,22/07/2017,-26.6304552,-55.66628166,205.797058,2017-07-22T15:04:31Z,,,CC220720171,,,,Waypoint,user,,,,,,,,,,,SymbolAndName,,,2017-07-22T15:04:31Z
502,29/07/2017,-26.61963961,-55.66887561,298.765686,2017-07-29T20:35:07Z,,,CSR290720171,,,,Waypoint,user,,,,,,,,,,,SymbolAndName,,,2017-07-29T20:35:07Z
218,15/08/2017,-26.62453146,-55.66289932,293.378662,2017-08-15T14:24:12Z,,,CC15082017,,,,Waypoint,user,,,,,,,,,,,SymbolAndName,,,2017-08-15T14:24:12Z
219,15/08/2017,-26.6243712,-55.66285908,294.707184,2017-08-15T14:32:27Z,,,CC150820172,,,,Waypoint,user,,,,,,,,,,,SymbolAndName,,,2017-08-15T14:32:27Z
220,15/08/2017,-26.6239666,-55.66353709,297.887024,2017-08-15T14:52:49Z,,,CC150820173,,,,Waypoint,user,,,,,,,,,,,SymbolAndName,,,2017-08-15T14:52:49Z
221,15/08/2017,-26.62497268,-55.66379132,297.427582,2017-08-15T14:54:11Z,,,CC150820174,150M SW,150M SW,,Waypoint,user,,,,,,,,,,,SymbolAndName,,,2017-08-15T14:54:11Z
244,16/08/2017,-26.63112198,-55.67009903,244.649719,2017-08-17T09:59:49Z,,,CC16082017,,,,Waypoint,user,,,,,,,,,,,SymbolAndName,,,2017-08-17T09:59:49Z
245,16/08/2017,-26.62685174,-55.66229297,284.163696,2017-08-16T21:11:15Z,,,CC160820171,,,,Waypoint,user,,,,,,,,,,,SymbolAndName,,,2017-08-16T21:11:15Z
246,16/08/2017,-26.63105333,-55.66938783,281.063538,2017-08-16T21:51:08Z,,,CC160820172,60M S,60M S,,Waypoint,user,,,,,,,,,,,SymbolAndName,,,2017-08-16T21:51:08Z
247,16/08/2017,-26.62732028,-55.66095212,281.27951,2017-08-16T21:48:33Z,,,CC1608201721,,,,Waypoint,user,,,,,,,,,,,SymbolAndName,,,2017-08-16T21:48:33Z
492,16/08/2017,-26.61734364,-55.66689832,272.449554,2017-08-16T11:45:20Z,,,CSR160820171,70M SE,70M SE,,Waypoint,user,,,,,,,,,,,SymbolAndName,,,2017-08-16T11:45:20Z
265,17/08/2017,-26.6275911,-55.66086964,248.271271,2017-08-17T10:15:35Z,,,CC170820171,,,,Waypoint,user,,,,,,,,,,,SymbolAndName,,,2017-08-17T10:15:35Z
266,17/08/2017,-26.62766478,-55.6608341,237.745346,2017-08-17T10:14:57Z,,,CC1708201721,,,,Waypoint,user,,,,,,,,,,,SymbolAndName,,,2017-08-17T10:14:57Z
292,19/08/2017,-26.63051932,-55.66325848,306.670258,2017-08-19T17:56:50Z,,,CC190820171,,,,Waypoint,user,,,,,,,,,,,SymbolAndName,,,2017-08-19T17:56:50Z
305,21/08/2017,-26.62889566,-55.66057225,284.965942,2017-08-21T21:47:43Z,,,CC21082017,,,,Waypoint,user,,,,,,,,,,,SymbolAndName,,,2017-08-21T21:47:43Z
500,21/08/2017,-26.61680074,-55.66831914,255.092163,2017-08-21T13:38:12Z,,,CSR210820175,30,30,,Waypoint,user,,,,,,,,,,,SymbolAndName,,,2017-08-21T13:38:12Z
CC22082017,22/08/2017,-26.62748675,-55.66079898,,2020-04-23T00:53:50Z,,,CC22082017,,,,"Flag, Blue",user,,,,,,,,,,,SymbolAndName,,,2020-04-23T00:53:50Z
317,23/08/2017,-26.62705391,-55.66075933,278.82019,2017-08-23T14:46:56Z,,,CC23082017,,,,Waypoint,user,,,,,,,,,,,SymbolAndName,,,2017-08-23T14:46:56Z
324,24/08/2017,-26.62724644,-55.6621452,268.342163,2017-08-24T12:49:28Z,,,CC24082017,,,,Waypoint,user,,,,,,,,,,,SymbolAndName,,,2017-08-24T12:49:28Z
325,24/08/2017,-26.61906034,-55.66576743,289.06897,2017-08-24T20:03:03Z,,,CC240820171,,,,Waypoint,user,,,,,,,,,,,SymbolAndName,,,2017-08-24T20:03:03Z
326,24/08/2017,-26.62557207,-55.66184286,286.754578,2017-08-24T20:46:31Z,,,CC24082017211,,,,Waypoint,user,,,,,,,,,,,SymbolAndName,,,2017-08-24T20:46:31Z
327,24/08/2017,-26.62608563,-55.66131497,285.599579,2017-08-25T10:58:36Z,,,CC2408201722,,,,Waypoint,user,,,,,,,,,,,SymbolAndName,,,2017-08-25T10:58:36Z
328,24/08/2017,-26.62948759,-55.66037921,272.209106,2017-08-25T13:24:48Z,,,CC2408201731,15,15,,Waypoint,user,,,,,,,,,,,SymbolAndName,,,2017-08-25T13:24:48Z
329,24/08/2017,-26.62646106,-55.66134891,284.904541,2017-08-24T20:50:55Z,,,CC2408201741,,,,Waypoint,user,,,,,,,,,,,SymbolAndName,,,2017-08-24T20:50:55Z
330,24/08/2017,-26.62696581,-55.66180246,281.281769,2017-08-24T21:06:00Z,,,CC2408201751,,,,Waypoint,user,,,,,,,,,,,SymbolAndName,,,2017-08-24T21:06:00Z
343,25/08/2017,-26.62804238,-55.66350273,283.278259,2017-08-25T11:39:46Z,,,CC25081741,,,,Waypoint,user,,,,,,,,,,,SymbolAndName,,,2017-08-25T11:39:46Z
344,25/08/2017,-26.63258689,-55.66110961,262.162598,2017-08-25T13:52:20Z,,,CC2508201711,15,15,,Waypoint,user,,,,,,,,,,,SymbolAndName,,,2017-08-25T13:52:20Z
345,25/08/2017,-26.62622242,-55.65979198,299.591125,2017-08-25T10:21:07Z,,,CC2508201721,200M NE,200M NE,,Waypoint,user,,,,,,,,,,,SymbolAndName,,,2017-08-25T10:21:07Z
346,25/08/2017,-26.62743855,-55.66260209,289.809723,2017-08-25T11:19:51Z,,,CC2508201731,,,,Waypoint,user,,,,,,,,,,,SymbolAndName,,,2017-08-25T11:19:51Z
347,25/08/2017,-26.6276854,-55.66001284,288.561615,2017-08-25T10:07:06Z,,,CC250820174,,,,Waypoint,user,,,,,,,,,,,SymbolAndName,,,2017-08-25T10:07:06Z
348,25/08/2017,-26.62866902,-55.66381403,280.812378,2017-08-25T11:49:23Z,,,CC2508201751,,,,Waypoint,user,,,,,,,,,,,SymbolAndName,,,2017-08-25T11:49:23Z
349,25/08/2017,-26.62862719,-55.66069119,266.556793,2017-08-26T09:47:12Z,,,CC2508201761,10M 2SIDES OF TRAIL,10M 2SIDES OF TRAIL,,Waypoint,user,,,,,,,,,,,SymbolAndName,,,2017-08-26T09:47:12Z
350,25/08/2017,-26.6285489,-55.66044057,266.556793,2017-08-26T09:47:12Z,,,CC25082017611,10M 2SIDES OF TRAIL,10M 2SIDES OF TRAIL,,Waypoint,user,,,,,,,,,,,SymbolAndName,,,2017-08-26T09:47:12Z
501,25/08/2017,-26.61745847,-55.66546066,277.092133,2017-08-26T13:16:20Z,,,CSR25082017,,,,Waypoint,user,,,,,,,,,,,SymbolAndName,,,2017-08-26T13:16:20Z
360,26/08/2017,-26.62758297,-55.66111196,268.496216,2017-08-26T10:20:36Z,,,CC2608201711,,,,Waypoint,user,,,,,,,,,,,SymbolAndName,,,2017-08-26T10:20:36Z
361,26/08/2017,-26.62292322,-55.6638023,275.305908,2017-08-26T14:56:34Z,,,CC260820172,,,,Waypoint,user,,,,,,,,,,,SymbolAndName,,,2017-08-26T14:56:34Z
362,26/08/2017,-26.63221724,-55.66071097,266.953491,2017-08-26T16:05:49Z,,,CC260820173,,,,Waypoint,user,,,,,,,,,,,SymbolAndName,,,2017-08-26T16:05:49Z
363,26/08/2017,-26.62825076,-55.66148881,297.926819,2017-08-26T21:22:57Z,,,CC260820174,,,,Waypoint,user,,,,,,,,,,,SymbolAndName,,,2017-08-26T21:22:57Z
134,10/09/2017,-26.62873649,-55.66661342,264.438354,2017-09-10T19:27:35Z,,,CC1009201711,20,20,,Waypoint,user,,,,,,,,,,,SymbolAndName,,,2017-09-10T19:27:35Z
135,10/09/2017,-26.62876775,-55.66701164,263.65921,2017-09-10T19:07:25Z,,,CC100920172,,,,Waypoint,user,,,,,,,,,,,SymbolAndName,,,2017-09-10T19:07:25Z
146,11/09/2017,-26.62867522,-55.66019816,284.681549,2017-11-09T14:34:24Z,,,CC110920171,,,,Waypoint,user,,,,,,,,,,,SymbolAndName,,,2017-11-09T14:34:24Z
165,12/09/2017,-26.62471955,-55.66255448,247.269272,2017-09-12T14:15:51Z,,,CC12092017,,,,Waypoint,user,,,,,,,,,,,SymbolAndName,,,2017-09-12T14:15:51Z
166,12/09/2017,-26.62454705,-55.6622265,248.563965,2017-09-12T14:39:59Z,,,CC120920172,,,,Waypoint,user,,,,,,,,,,,SymbolAndName,,,2017-09-12T14:39:59Z
167,12/09/2017,-26.62464,-55.66249698,247.278839,2017-09-12T14:16:25Z,,,CC1209201751,,,,Waypoint,user,,,,,,,,,,,SymbolAndName,,,2017-09-12T14:16:25Z
168,12/09/2017,-26.62753302,-55.66161789,240.883087,2017-09-12T10:16:59Z,,,CC1209201781,,,,Waypoint,user,,,,,,,,,,,SymbolAndName,,,2017-09-12T10:16:59Z
277,18/09/2017,-26.62871872,-55.66059647,280.357971,2017-09-18T11:30:01Z,,,CC18092017,,,,Waypoint,user,,,,,,,,,,,SymbolAndName,,,2017-09-18T11:30:01Z
278,18/09/2017,-26.62583602,-55.66178,281.617371,2017-09-18T21:38:51Z,,,CC180920172,,,,Waypoint,user,,,,,,,,,,,SymbolAndName,,,2017-09-18T21:38:51Z
136,10/10/2017,-26.63099214,-55.66032347,275.783508,2017-10-11T20:06:41Z,,,CC101020171,,,,Waypoint,user,,,,,,,,,,,SymbolAndName,,,2017-10-11T20:06:41Z
147,11/10/2017,-26.62855812,-55.66021241,273.995331,2017-10-11T12:50:49Z,,,CC111020171,,,,Waypoint,user,,,,,,,,,,,SymbolAndName,,,2017-10-11T12:50:49Z
148,11/10/2017,-26.63139305,-55.66194537,267.510742,2017-10-11T19:15:38Z,,,CC1110201721,,,,Waypoint,user,,,,,,,,,,,SymbolAndName,,,2017-10-11T19:15:38Z
169,12/10/2017,-26.62770292,-55.66160331,236.318497,2017-10-17T09:12:21Z,,,CC121020171,,,,Waypoint,user,,,,,,,,,,,SymbolAndName,,,2017-10-17T09:12:21Z
248,16/10/2017,-26.62605981,-55.66655651,268.673401,2017-10-20T14:45:49Z,,,CC1610201711,,,,Waypoint,user,,,,,,,,,,,SymbolAndName,,,2017-10-20T14:45:49Z
249,16/10/2017,-26.62736203,-55.66131899,236.347549,2017-10-17T09:10:52Z,,,CC1610201731,,,,Waypoint,user,,,,,,,,,,,SymbolAndName,,,2017-10-17T09:10:52Z
493,16/10/2017,-26.6231492,-55.67286314,319.109955,2017-10-20T13:23:00Z,,,CSR1610201721,,,,Waypoint,user,,,,,,,,,,,SymbolAndName,,,2017-10-20T13:23:00Z
269,17/10/2017,-26.6247452,-55.66740358,279.548218,2017-10-17T13:56:50Z,,,CC171020171,,,,Waypoint,user,,,,,,,,,,,SymbolAndName,,,2017-10-17T13:56:50Z
270,17/10/2017,-26.62755263,-55.66300065,294.134796,2017-10-17T19:33:13Z,,,CC1710201721,,,,Waypoint,user,,,,,,,,,,,SymbolAndName,,,2017-10-17T19:33:13Z
90,07/11/2017,-26.62810181,-55.66526117,239.301697,2017-11-07T13:13:55Z,,,CC071120172,,,,Waypoint,user,,,,,,,,,,,SymbolAndName,,,2017-11-07T13:13:55Z
101,08/11/2017,-26.62982698,-55.66061508,272.94342,2017-11-08T11:19:41Z,,,CC081120171,,,,Waypoint,user,,,,,,,,,,,SymbolAndName,,,2017-11-08T11:19:41Z
111,09/11/2017,-26.63120245,-55.66261626,264.155579,2017-11-11T11:27:25Z,,,CC091120171,,,,Waypoint,user,,,,,,,,,,,SymbolAndName,,,2017-11-11T11:27:25Z
112,09/11/2017,-26.63065787,-55.66279354,264.316376,2017-11-11T11:26:13Z,,,CC09112017311,30M IN,30M IN,,Waypoint,user,,,,,,,,,,,SymbolAndName,,,2017-11-11T11:26:13Z
113,09/11/2017,-26.6307178,-55.66303778,265.408997,2017-11-11T11:25:08Z,,,CC0911201732,25M IN,25M IN,,Waypoint,user,,,,,,,,,,,SymbolAndName,,,2017-11-11T11:25:08Z
149,11/11/2017,-26.62466599,-55.66259002,291.633972,2017-11-11T20:04:35Z,,,CC1111201711,,,,Waypoint,user,,,,,,,,,,,SymbolAndName,,,2017-11-11T20:04:35Z
150,11/11/2017,-26.62459298,-55.66164203,292.853851,2017-11-11T21:07:34Z,,,CC11112017211,,,,Waypoint,user,,,,,,,,,,,SymbolAndName,,,2017-11-11T21:07:34Z
151,11/11/2017,-26.63071336,-55.66476102,247.23941,2017-11-11T10:19:44Z,,,CC1111201722,159M T RIVER,159M T RIVER,,Waypoint,user,,,,,,,,,,,SymbolAndName,,,2017-11-11T10:19:44Z
152,11/11/2017,-26.63097479,-55.66355654,255.788406,2017-11-11T10:25:12Z,,,CC111120173,200M T LAKE,200M T LAKE,,Waypoint,user,,,,,,,,,,,SymbolAndName,,,2017-11-11T10:25:12Z
479,11/11/2017,-26.61664501,-55.66749897,301.683319,2017-11-11T13:17:30Z,,,CSR1111201731,,,,Waypoint,user,,,,,,,,,,,SymbolAndName,,,2017-11-11T13:17:30Z
480,12/11/2017,-26.61639196,-55.66634696,296.812744,2017-12-05T13:32:29Z,,,CSR121120171,,,,Waypoint,user,,,,,,,,,,,SymbolAndName,,,2017-12-05T13:32:29Z
481,12/11/2017,-26.61643898,-55.667332,300.07663,2017-11-11T13:09:08Z,,,CSR1211201721,,,,Waypoint,user,,,,,,,,,,,SymbolAndName,,,2017-11-11T13:09:08Z
49,05/12/2017,-26.62527309,-55.66159367,298.750549,2017-12-05T19:45:41Z,,,CC051220171,,,,Waypoint,user,,,,,,,,,,,SymbolAndName,,,2017-12-05T19:45:41Z
50,05/12/2017,-26.62637724,-55.6644617,298.422455,2017-12-05T19:53:24Z,,,CC0512201721,,,,Waypoint,user,,,,,,,,,,,SymbolAndName,,,2017-12-05T19:53:24Z
51,05/12/2017,-26.62756202,-55.66115102,290.049194,2017-12-05T20:52:24Z,,,CC0512201731,,,,Waypoint,user,,,,,,,,,,,SymbolAndName,,,2017-12-05T20:52:24Z
68,06/12/2017,-26.62835604,-55.66095597,275.543274,2017-12-06T08:29:57Z,,,CC061220171,,,,Waypoint,user,,,,,,,,,,,SymbolAndName,,,2017-12-06T08:29:57Z
69,06/12/2017,-26.62782429,-55.661363,285.036072,2017-12-06T09:33:35Z,,,CC0612201721,,,,Waypoint,user,,,,,,,,,,,SymbolAndName,,,2017-12-06T09:33:35Z
70,06/12/2017,-26.62728106,-55.66151119,283.380859,2017-12-06T09:43:37Z,,,CC0612201741,,,,Waypoint,user,,,,,,,,,,,SymbolAndName,,,2017-12-06T09:43:37Z
71,06/12/2017,-26.62747996,-55.662312,285.91925,2017-12-06T10:18:48Z,,,CC0612201751,,,,Waypoint,user,,,,,,,,,,,SymbolAndName,,,2017-12-06T10:18:48Z
72,06/12/2017,-26.62480932,-55.66295061,298.368591,2017-12-06T13:04:58Z,,,CC0612201761,,,,Waypoint,user,,,,,,,,,,,SymbolAndName,,,2017-12-06T13:04:58Z
91,07/12/2017,-26.62623357,-55.66036614,286.414337,2017-12-07T21:16:19Z,,,CC071220171,,,,Waypoint,user,,,,,,,,,,,SymbolAndName,,,2017-12-07T21:16:19Z
114,09/12/2017,-26.62352513,-55.66350281,285.449768,2017-12-09T09:25:34Z,,,CC091220171,,,,Waypoint,user,,,,,,,,,,,SymbolAndName,,,2017-12-09T09:25:34Z
139,10/12/2017,-26.62724091,-55.65904347,264.600616,2017-12-10T08:36:18Z,,,CC101220171,200M OUT NG,200M OUT NG,,Waypoint,user,,,,,,,,,,,SymbolAndName,,,2017-12-10T08:36:18Z
140,10/12/2017,-26.62747694,-55.66146584,277.483978,2017-12-10T22:14:11Z,,,CC1012201721,,,,Waypoint,user,,,,,,,,,,,SymbolAndName,,,2017-12-10T22:14:11Z
475,10/12/2017,-26.61955453,-55.66820875,319.916199,2017-12-10T21:29:08Z,,,CSR101220171,,,,Waypoint,user,,,,,,,,,,,SymbolAndName,,,2017-12-10T21:29:08Z
476,10/12/2017,-26.61092302,-55.66978798,320.22052,2017-12-10T21:27:02Z,,,CSR1012201721,,,,Waypoint,user,,,,,,,,,,,SymbolAndName,,,2017-12-10T21:27:02Z
477,10/12/2017,-26.612186,-55.66700402,320.220062,2017-12-10T21:27:23Z,,,CSR101220173,,,,Waypoint,user,,,,,,,,,,,SymbolAndName,,,2017-12-10T21:27:23Z
153,11/12/2017,-26.62762396,-55.66160129,275.509979,2017-12-11T09:48:15Z,,,CC111220171,3M AND 25M,3M AND 25M,,Waypoint,user,,,,,,,,,,,SymbolAndName,,,2017-12-11T09:48:15Z
154,11/12/2017,-26.62855511,-55.66078926,291.968262,2017-12-11T13:49:48Z,,,CC111220172,,,,Waypoint,user,,,,,,,,,,,SymbolAndName,,,2017-12-11T13:49:48Z
462,13/12/2017,-26.63377737,-55.65928898,257.814514,2017-12-13T10:49:45Z,,,CNEW131220171,0748 AC OTHERSIDE OF ROAD,0748 AC OTHERSIDE OF ROAD,,Waypoint,user,,,,,,,,,,,SymbolAndName,,,2017-12-13T10:49:45Z
208,14/12/2017,-26.62609695,-55.66587766,241.600708,2017-12-14T14:32:43Z,,,CC1412017,,,,Waypoint,user,,,,,,,,,,,SymbolAndName,,,2017-12-14T14:32:43Z
209,14/12/2017,-26.62642132,-55.66625124,,2017-12-14T16:47:04Z,,,CC141220172,,,,Waypoint,user,,,,,,,,,,,SymbolAndName,,,2017-12-14T16:47:04Z
224,15/12/2017,-26.62743855,-55.66050234,263.281738,2017-12-15T11:24:38Z,,,CC151220171,TABLE,TABLE,,Waypoint,user,,,,,,,,,,,SymbolAndName,,,2017-12-15T11:24:38Z
225,15/12/2017,-26.62673313,-55.66052598,302.594788,2017-12-15T13:03:04Z,,,CC1512201721,50M OUT CHACHI,50M OUT CHACHI,,Waypoint,user,,,,,,,,,,,SymbolAndName,,,2017-12-15T13:03:04Z
226,15/12/2017,-26.62740704,-55.66046203,296.762238,2017-12-15T13:37:26Z,,,CC1512201731,,,,Waypoint,user,,,,,,,,,,,SymbolAndName,,,2017-12-15T13:37:26Z
227,15/12/2017,-26.62722096,-55.66060896,296.532837,2017-12-15T13:47:34Z,,,CC1512201741,,,,Waypoint,user,,,,,,,,,,,SymbolAndName,,,2017-12-15T13:47:34Z
228,15/12/2017,-26.63159128,-55.66415987,293.894135,2017-12-15T14:34:21Z,,,CC1512201751,,,,Waypoint,user,,,,,,,,,,,SymbolAndName,,,2017-12-15T14:34:21Z
229,15/12/2017,-26.62744702,-55.65990002,296.010101,2017-12-15T14:41:21Z,,,CC1512201761,,,,Waypoint,user,,,,,,,,,,,SymbolAndName,,,2017-12-15T14:41:21Z
455,15/12/2017,-26.63858003,-55.664484,338.691925,2017-12-15T14:54:26Z,,,CFC1-15/12/171,,,,Waypoint,user,,,,,,,,,,,SymbolAndName,,,2017-12-15T14:54:26Z
2,22/01/2018,-26.63024305,-55.66556426,244.773911,2018-02-01T15:13:06Z,,,CC0102201821,,,,Waypoint,user,,,,,,,,,,,SymbolAndName,,,2018-02-01T15:13:06Z
311,23/01/2018,-26.62681452,-55.66673286,274.579224,2018-01-23T20:14:25Z,,,CC230120181,,,,Waypoint,user,,,,,,,,,,,SymbolAndName,,,2018-01-23T20:14:25Z
312,23/01/2018,-26.62906003,-55.66934676,274.652893,2018-01-23T20:13:30Z,,,CC2301201821,500M TW PINES,500M TW PINES,,Waypoint,user,,,,,,,,,,,SymbolAndName,,,2018-01-23T20:13:30Z
CC24012018,24/01/2018,-26.63025403,-55.67014203,,2020-04-23T00:55:34Z,,,CC24012018,,,,"Flag, Blue",user,,,,,,,,,,,SymbolAndName,,,2020-04-23T00:55:34Z
CC240120182,24/01/2018,-26.63073264,-55.66556761,,2020-04-23T00:56:37Z,,,CC240120182,,,,"Flag, Blue",user,,,,,,,,,,,SymbolAndName,,,2020-04-23T00:56:37Z
CC240120183,24/01/2018,-26.63018337,-55.66543962,,2020-04-23T00:56:46Z,,,CC240120183,,,,"Flag, Blue",user,,,,,,,,,,,SymbolAndName,,,2020-04-23T00:56:46Z
355,26/01/2018,-26.62685718,-55.66019607,263.621582,2018-02-02T11:51:07Z,,,CC260120181,,,,Waypoint,user,,,,,,,,,,,SymbolAndName,,,2018-02-02T11:51:07Z
368,27/01/2018,-26.63116775,-55.66306771,282.101105,2018-01-27T19:16:14Z,,,CC27012018,,,,Waypoint,user,,,,,,,,,,,SymbolAndName,,,2018-01-27T19:16:14Z
369,27/01/2018,-26.63032277,-55.665634,276.487579,2018-01-27T19:30:55Z,,,CC2701201811,,,,Waypoint,user,,,,,,,,,,,SymbolAndName,,,2018-01-27T19:30:55Z
384,28/01/2018,-26.63104445,-55.66541397,262.123077,2018-01-29T11:32:40Z,,,CC280120181,10-25M TW HOUSE,10-25M TW HOUSE,,Waypoint,user,,,,,,,,,,,SymbolAndName,,,2018-01-29T11:32:40Z
385,28/01/2018,-26.63138199,-55.67046398,281.895508,2018-01-29T12:26:14Z,,,CC2801201821,SS,SS,,Waypoint,user,,,,,,,,,,,SymbolAndName,,,2018-01-29T12:26:14Z
403,29/01/2018,-26.63126699,-55.67054202,282.251129,2018-01-29T12:27:06Z,,,CC290120181,,,,Waypoint,user,,,,,,,,,,,SymbolAndName,,,2018-01-29T12:27:06Z
417,30/01/2018,-26.62848939,-55.66596877,264.399658,2018-01-30T14:14:09Z,,,CC300120182,,,,Waypoint,user,,,,,,,,,,,SymbolAndName,,,2018-01-30T14:14:09Z
449,31/01/2018,-26.63037792,-55.66995285,292.381439,2018-01-31T10:11:34Z,,,CC310120181,100M,100M,,Waypoint,user,,,,,,,,,,,SymbolAndName,,,2018-01-31T10:11:34Z
450,31/01/2018,-26.62995203,-55.66519696,261.440491,2018-01-31T14:05:22Z,,,CC3101201831,,,,Waypoint,user,,,,,,,,,,,SymbolAndName,,,2018-01-31T14:05:22Z
15,02/02/2018,-26.63108761,-55.66515564,245.854614,2018-02-01T14:10:09Z,,,CC0202201821,100M TW LAKE,100M TW LAKE,,Waypoint,user,,,,,,,,,,,SymbolAndName,,,2018-02-01T14:10:09Z
1,10/02/2018,-26.63077782,-55.67006283,,2020-04-23T00:58:28Z,,,CC01022018,,,,"Flag, Blue",user,,,,,,,,,,,SymbolAndName,,,2020-04-23T00:58:28Z
CC14022018,14/02/2018,-26.6307365,-55.66997649,,2020-04-23T00:59:08Z,,,CC14022018,,,,"Flag, Blue",user,,,,,,,,,,,SymbolAndName,,,2020-04-23T00:59:08Z
CC140220182,14/02/2018,-26.63087706,-55.66567708,,2020-04-23T00:59:22Z,,,CC140220182,,,,"Flag, Blue",user,,,,,,,,,,,SymbolAndName,,,2020-04-23T00:59:22Z
CC15022018,15/02/2018,-26.63062183,-55.66884686,,2020-04-23T00:59:53Z,,,CC15022018,,,,"Flag, Blue",user,,,,,,,,,,,SymbolAndName,,,2020-04-23T00:59:53Z
232,16/02/2018,-26.63111502,-55.67069901,290.428284,2018-04-21T14:26:02Z,,,CC160220181,,,,Waypoint,user,,,,,,,,,,,SymbolAndName,,,2018-04-21T14:26:02Z
193,14/03/2018,-26.63084102,-55.66411997,306.797089,2018-04-22T12:08:55Z,,,CC1403201841,25M SSW,25M SSW,,Waypoint,user,,,,,,,,,,,SymbolAndName,,,2018-04-22T12:08:55Z
306,22/03/2018,-26.63046299,-55.67035904,288.925781,2018-03-25T14:27:01Z,,,CC2203201821,SS,SS,,Waypoint,user,,,,,,,,,,,SymbolAndName,,,2018-03-25T14:27:01Z
313,23/03/2018,-26.6309644,-55.66957961,270.69339,2018-03-23T10:39:35Z,,,CC230320181,30M,30M,,Waypoint,user,,,,,,,,,,,SymbolAndName,,,2018-03-23T10:39:35Z
314,23/03/2018,-26.63035244,-55.66765881,269.547852,2018-03-23T10:48:55Z,,,CC2303201821,25M IN,25M IN,,Waypoint,user,,,,,,,,,,,SymbolAndName,,,2018-03-23T10:48:55Z
315,23/03/2018,-26.63039778,-55.66751339,269.929474,2018-03-23T10:59:00Z,,,CC2303201831,60M IN,60M IN,,Waypoint,user,,,,,,,,,,,SymbolAndName,,,2018-03-23T10:59:00Z
316,23/03/2018,-26.63047297,-55.67035703,288.812897,2018-03-25T14:27:26Z,,,CC2303201841,SS,SS,,Waypoint,user,,,,,,,,,,,SymbolAndName,,,2018-03-25T14:27:26Z
320,24/03/2018,-26.63061596,-55.67030003,289.162384,2018-03-25T14:26:17Z,,,CC240320181,,,,Waypoint,user,,,,,,,,,,,SymbolAndName,,,2018-03-25T14:26:17Z
321,24/03/2018,-26.62915307,-55.66070552,277.50708,2018-03-25T11:28:53Z,,,CC2403201821,15M IN,15M IN,,Waypoint,user,,,,,,,,,,,SymbolAndName,,,2018-03-25T11:28:53Z
322,24/03/2018,-26.62870388,-55.66143357,278.833069,2018-03-25T11:31:34Z,,,CC2403201831,8M,8M,,Waypoint,user,,,,,,,,,,,SymbolAndName,,,2018-03-25T11:31:34Z
323,24/03/2018,-26.63038303,-55.67041202,288.794525,2018-03-25T14:28:11Z,,,CC2403201841,SS,SS,,Waypoint,user,,,,,,,,,,,SymbolAndName,,,2018-03-25T14:28:11Z
337,25/03/2018,-26.63039234,-55.66487837,270.423462,2018-03-25T13:22:27Z,,,CC250320181,45M TW RIVER,45M TW RIVER,,Waypoint,user,,,,,,,,,,,SymbolAndName,,,2018-03-25T13:22:27Z
338,25/03/2018,-26.63130219,-55.66435316,265.261932,2018-03-25T13:41:42Z,,,CC2503201821,83M TW LAKE,83M TW LAKE,,Waypoint,user,,,,,,,,,,,SymbolAndName,,,2018-03-25T13:41:42Z
339,25/03/2018,-26.63020525,-55.66556669,267.652649,2018-03-25T14:48:37Z,,,CC25032018311,5 20M IN,5 20M IN,,Waypoint,user,,,,,,,,,,,SymbolAndName,,,2018-03-25T14:48:37Z
340,25/03/2018,-26.63031396,-55.67040103,288.802338,2018-03-25T14:28:44Z,,,CC2503201832,,,,Waypoint,user,,,,,,,,,,,SymbolAndName,,,2018-03-25T14:28:44Z
341,25/03/2018,-26.63082384,-55.66528095,269.493622,2018-03-25T14:56:36Z,,,CC2503201841,20M TW LAKE,20M TW LAKE,,Waypoint,user,,,,,,,,,,,SymbolAndName,,,2018-03-25T14:56:36Z
342,25/03/2018,-26.63099399,-55.67001798,234.614197,2018-03-26T10:43:10Z,,,CC2503201851,SS,SS,,Waypoint,user,,,,,,,,,,,SymbolAndName,,,2018-03-26T10:43:10Z
356,26/03/2018,-26.63123396,-55.670065,260.754669,2018-03-27T10:40:51Z,,,CC2603201811,SS,SS,,Waypoint,user,,,,,,,,,,,SymbolAndName,,,2018-03-27T10:40:51Z
357,26/03/2018,-26.63055168,-55.66687041,287.192596,2018-03-26T10:56:10Z,,,CC2603201821,53M NE,53M NE,,Waypoint,user,,,,,,,,,,,SymbolAndName,,,2018-03-26T10:56:10Z
358,26/03/2018,-26.62913572,-55.66558379,265.417542,2018-03-26T15:01:56Z,,,CC2603201831,,,,Waypoint,user,,,,,,,,,,,SymbolAndName,,,2018-03-26T15:01:56Z
359,26/03/2018,-26.63088008,-55.66970425,234.614197,2018-03-26T10:42:41Z,,,CC260320184,20M DOWN,20M DOWN,,Waypoint,user,,,,,,,,,,,SymbolAndName,,,2018-03-26T10:42:41Z
373,27/03/2018,-26.63127,-55.67006702,272.849213,2018-03-27T10:41:16Z,,,CC270320181,,,,Waypoint,user,,,,,,,,,,,SymbolAndName,,,2018-03-27T10:41:16Z
374,27/03/2018,-26.63058001,-55.67024496,278.510468,2018-03-27T10:43:40Z,,,CC2703201821,,,,Waypoint,user,,,,,,,,,,,SymbolAndName,,,2018-03-27T10:43:40Z
375,27/03/2018,-26.63006796,-55.66993324,277.43161,2018-03-27T10:46:47Z,,,CC2703201831,30M IN,30M IN,,Waypoint,user,,,,,,,,,,,SymbolAndName,,,2018-03-27T10:46:47Z
376,27/03/2018,-26.62979227,-55.66963593,277.80011,2018-03-27T10:47:31Z,,,CC2703201842,65M NW,65M NW,,Waypoint,user,,,,,,,,,,,SymbolAndName,,,2018-03-27T10:47:31Z
377,27/03/2018,-26.63072501,-55.66800901,267.725525,2018-03-27T11:09:27Z,,,CC2703201851,,,,Waypoint,user,,,,,,,,,,,SymbolAndName,,,2018-03-27T11:09:27Z
379,27/03/2018,-26.62578983,-55.66221133,282.498322,2018-03-27T19:41:27Z,,,CC2703201873,10M IN 30M OUT,10M IN 30M OUT,,Waypoint,user,,,,,,,,,,,SymbolAndName,,,2018-03-27T19:41:27Z
380,27/03/2018,-26.62551013,-55.66107592,282.498322,2018-03-27T19:41:27Z,,,CC2703201874,10M IN 30M OUT,10M IN 30M OUT,,Waypoint,user,,,,,,,,,,,SymbolAndName,,,2018-03-27T19:41:27Z
454,27/03/2018,-26.62766998,-55.66252104,277.243591,2018-03-27T13:43:56Z,,,CC703201861,,,,Waypoint,user,,,,,,,,,,,SymbolAndName,,,2018-03-27T13:43:56Z
387,28/03/2018,-26.62959388,-55.66579334,199.909973,2018-03-28T11:54:11Z,,,CC280320181,,,,Waypoint,user,,,,,,,,,,,SymbolAndName,,,2018-03-28T11:54:11Z
408,29/03/2018,-26.63279702,-55.66169802,230.280792,2018-03-29T20:31:35Z,,,CC290320181,FS,FS,,Waypoint,user,,,,,,,,,,,SymbolAndName,,,2018-03-29T20:31:35Z
409,29/03/2018,-26.63063197,-55.67072533,229.308411,2018-03-30T11:13:02Z,,,CC2903201821,10M OUT SS,10M OUT SS,,Waypoint,user,,,,,,,,,,,SymbolAndName,,,2018-03-30T11:13:02Z
418,30/03/2018,-26.63051798,-55.67070303,229.308411,2018-03-30T11:13:32Z,,,CC300320181,10M OUT,10M OUT,,Waypoint,user,,,,,,,,,,,SymbolAndName,,,2018-03-30T11:13:32Z
419,30/03/2018,-26.63031899,-55.67071896,227.392731,2018-03-30T11:14:27Z,,,CC3003201821,,,,Waypoint,user,,,,,,,,,,,SymbolAndName,,,2018-03-30T11:14:27Z
420,30/03/2018,-26.629759,-55.67021253,247.704239,2018-03-31T10:45:10Z,,,CC30032018311,15M,15M,,Waypoint,user,,,,,,,,,,,SymbolAndName,,,2018-03-31T10:45:10Z
421,30/03/2018,-26.63019997,-55.67077604,227.329315,2018-03-30T11:14:54Z,,,CC3003201832,,,,Waypoint,user,,,,,,,,,,,SymbolAndName,,,2018-03-30T11:14:54Z
422,30/03/2018,-26.63008011,-55.66611453,277.105042,2018-04-21T15:11:23Z,,,CC30032018411,10M W,10M W,,Waypoint,user,,,,,,,,,,,SymbolAndName,,,2018-04-21T15:11:23Z
423,30/03/2018,-26.63108502,-55.66631201,280.007935,2018-04-21T15:00:11Z,,,CC3003201842,,,,Waypoint,user,,,,,,,,,,,SymbolAndName,,,2018-04-21T15:00:11Z
424,30/03/2018,-26.63039225,-55.66529964,269.135223,2018-04-21T15:13:41Z,,,CC30032018511,,,,Waypoint,user,,,,,,,,,,,SymbolAndName,,,2018-04-21T15:13:41Z
425,30/03/2018,-26.63130898,-55.67011404,251.559387,2018-03-31T10:39:19Z,,,CC3003201852,SS,SS,,Waypoint,user,,,,,,,,,,,SymbolAndName,,,2018-03-31T10:39:19Z
451,31/03/2018,-26.63124603,-55.67019903,251.559387,2018-03-31T10:39:05Z,,,CC310320081,,,,Waypoint,user,,,,,,,,,,,SymbolAndName,,,2018-03-31T10:39:05Z
452,31/03/2018,-26.63010098,-55.66938716,264.546204,2018-04-01T10:35:08Z,,,CC3103201831,SS 15MO,SS 15MO,,Waypoint,user,,,,,,,,,,,SymbolAndName,,,2018-04-01T10:35:08Z
5,01/04/2018,-26.63038303,-55.67071997,264.316498,2018-04-01T10:35:40Z,,,CC010420181,10MO,10MO,,Waypoint,user,,,,,,,,,,,SymbolAndName,,,2018-04-01T10:35:40Z
6,01/04/2018,-26.63109197,-55.67018696,287.165314,2018-04-21T14:29:58Z,,,CC0104201821,,,,Waypoint,user,,,,,,,,,,,SymbolAndName,,,2018-04-21T14:29:58Z
7,01/04/2018,-26.63096004,-55.67000499,285.568573,2018-04-21T14:32:39Z,,,CC0104201831,20M IN BORD P/F,20M IN BORD P/F,,Waypoint,user,,,,,,,,,,,SymbolAndName,,,2018-04-21T14:32:39Z
157,12/04/2018,-26.63043198,-55.67038301,275.772797,2018-04-12T10:11:35Z,,,CC12042018021,,,,Waypoint,user,,,,,,,,,,,SymbolAndName,,,2018-04-12T10:11:35Z
158,12/04/2018,-26.63023098,-55.67040397,278.833344,2018-04-12T10:26:10Z,,,CC12042018031,,,,Waypoint,user,,,,,,,,,,,SymbolAndName,,,2018-04-12T10:26:10Z
159,12/04/2018,-26.63016502,-55.67048502,286.178864,2018-04-12T11:01:39Z,,,CC12042018041,,,,Waypoint,user,,,,,,,,,,,SymbolAndName,,,2018-04-12T11:01:39Z
160,12/04/2018,-26.62969496,-55.66541699,268.3396,2018-04-21T15:15:49Z,,,CC1204201851,7M IN,7M IN,,Waypoint,user,,,,,,,,,,,SymbolAndName,,,2018-04-21T15:15:49Z
156,12-Apr,-26.63038303,-55.67071997,229.15181,2018-04-12T09:50:44Z,,,CC1204181,,,,Waypoint,user,,,,,,,,,,,SymbolAndName,,,2018-04-12T09:50:44Z
171,13/04/2018,-26.62553703,-55.66210597,241.008606,2018-04-13T17:17:03Z,,,CC13042018031,,,,Waypoint,user,,,,,,,,,,,SymbolAndName,,,2018-04-13T17:17:03Z
172,13/04/2018,-26.62494745,-55.66177287,241.523865,2018-04-13T17:22:04Z,,,CC13042018041,,,,Waypoint,user,,,,,,,,,,,SymbolAndName,,,2018-04-13T17:22:04Z
173,13/04/2018,-26.62433004,-55.66252297,289.377197,2018-04-13T17:30:01Z,,,CC13042018051,,,,Waypoint,user,,,,,,,,,,,SymbolAndName,,,2018-04-13T17:30:01Z
174,13/04/2018,-26.62404204,-55.662184,293.58374,2018-04-13T17:40:37Z,,,CC13042018061,,,,Waypoint,user,,,,,,,,,,,SymbolAndName,,,2018-04-13T17:40:37Z
175,13/04/2018,-26.623777,-55.66190002,296.811035,2018-04-13T17:47:47Z,,,CC13042018071,,,,Waypoint,user,,,,,,,,,,,SymbolAndName,,,2018-04-13T17:47:47Z
176,13/04/2018,-26.62355002,-55.66179198,298.480194,2018-04-13T17:53:06Z,,,CC13042018081,,,,Waypoint,user,,,,,,,,,,,SymbolAndName,,,2018-04-13T17:53:06Z
177,13/04/2018,-26.62338699,-55.66167296,299.117004,2018-04-13T17:56:28Z,,,CC13042018091,,,,Waypoint,user,,,,,,,,,,,SymbolAndName,,,2018-04-13T17:56:28Z
178,13/04/2018,-26.62887437,-55.66004142,220.229401,2018-04-13T12:50:47Z,,,CC130420181,30M ESE,30M ESE,,Waypoint,user,,,,,,,,,,,SymbolAndName,,,2018-04-13T12:50:47Z
179,13/04/2018,-26.62284099,-55.66168402,296.619751,2018-04-13T18:26:32Z,,,CC13042018101,,,,Waypoint,user,,,,,,,,,,,SymbolAndName,,,2018-04-13T18:26:32Z
180,13/04/2018,-26.62254604,-55.66172099,295.75174,2018-04-13T18:37:40Z,,,CC13042018111,,,,Waypoint,user,,,,,,,,,,,SymbolAndName,,,2018-04-13T18:37:40Z
181,13/04/2018,-26.62221797,-55.66181201,298.065063,2018-04-13T18:46:56Z,,,CC13042018121,,,,Waypoint,user,,,,,,,,,,,SymbolAndName,,,2018-04-13T18:46:56Z
182,13/04/2018,-26.62358103,-55.66301096,286.839264,2018-04-13T19:58:05Z,,,CC13042018131,,,,Waypoint,user,,,,,,,,,,,SymbolAndName,,,2018-04-13T19:58:05Z
183,13/04/2018,-26.62307301,-55.66318296,286.428406,2018-04-13T20:00:47Z,,,CC13042018141,,,,Waypoint,user,,,,,,,,,,,SymbolAndName,,,2018-04-13T20:00:47Z
184,13/04/2018,-26.62274402,-55.66338404,285.599792,2018-04-13T20:13:26Z,,,CC13042018151,,,,Waypoint,user,,,,,,,,,,,SymbolAndName,,,2018-04-13T20:13:26Z
185,13/04/2018,-26.62917537,-55.65919862,217.991486,2018-04-13T12:57:44Z,,,CC1304201821,30M E,30M E,,Waypoint,user,,,,,,,,,,,SymbolAndName,,,2018-04-13T12:57:44Z
194,14/04/2018,-26.63068,-55.669835,288.481537,2018-04-14T10:15:46Z,,,CC140420181,,,,Waypoint,user,,,,,,,,,,,SymbolAndName,,,2018-04-14T10:15:46Z
195,14/04/2018,-26.63057104,-55.66929496,279.173218,2018-04-14T10:37:28Z,,,CC1404201821,25M E,25M E,,Waypoint,user,,,,,,,,,,,SymbolAndName,,,2018-04-14T10:37:28Z
196,14/04/2018,-26.63079098,-55.66368503,279.804016,2018-04-21T15:42:09Z,,,CC1404201851,15M TW LAKE,15M TW LAKE,,Waypoint,user,,,,,,,,,,,SymbolAndName,,,2018-04-21T15:42:09Z
211,15/04/2018,-26.63057699,-55.67036198,287.823059,2018-04-16T10:48:39Z,,,CC150420181,SS,SS,,Waypoint,user,,,,,,,,,,,SymbolAndName,,,2018-04-16T10:48:39Z
233,16/04/2018,-26.63113799,-55.67015503,287.322571,2018-04-21T14:30:35Z,,,CC160420181,5M TW ROAD,5M TW ROAD,,Waypoint,user,,,,,,,,,,,SymbolAndName,,,2018-04-21T14:30:35Z
234,16/04/2018,-26.63072904,-55.67012804,289.412506,2018-04-16T10:24:01Z,,,CC1604201821,,,,Waypoint,user,,,,,,,,,,,SymbolAndName,,,2018-04-16T10:24:01Z
235,16/04/2018,-26.63099399,-55.66999904,287.194916,2018-04-16T10:33:43Z,,,CC1604201831,,,,Waypoint,user,,,,,,,,,,,SymbolAndName,,,2018-04-16T10:33:43Z
236,16/04/2018,-26.62570903,-55.66589803,281.763092,2018-04-21T13:55:10Z,,,CC1604201841,30M SE,30M SE,,Waypoint,user,,,,,,,,,,,SymbolAndName,,,2018-04-21T13:55:10Z
237,16/04/2018,-26.63110396,-55.670136,254.566345,2018-04-17T09:40:47Z,,,CC1604201851,SS,SS,,Waypoint,user,,,,,,,,,,,SymbolAndName,,,2018-04-17T09:40:47Z
254,17/04/2018,-26.63027298,-55.67043004,285.84137,2018-04-17T10:18:10Z,,,CC17042018021,,,,Waypoint,user,,,,,,,,,,,SymbolAndName,,,2018-04-17T10:18:10Z
255,17/04/2018,-26.63107303,-55.67017799,254.566345,2018-04-17T09:41:13Z,,,CC170420181,,,,Waypoint,user,,,,,,,,,,,SymbolAndName,,,2018-04-17T09:41:13Z
256,17/04/2018,-26.63062301,-55.67001102,218.654587,2018-04-18T10:00:23Z,,,CC1704201831,SS,SS,,Waypoint,user,,,,,,,,,,,SymbolAndName,,,2018-04-18T10:00:23Z
272,18/04/2018,-26.63056199,-55.66986099,240.768326,2018-04-18T10:01:13Z,,,CC180420181,,,,Waypoint,user,,,,,,,,,,,SymbolAndName,,,2018-04-18T10:01:13Z
273,18/04/2018,-26.63052703,-55.669748,288.293152,2018-04-18T10:06:29Z,,,CC1804201821,25M IN,25M IN,,Waypoint,user,,,,,,,,,,,SymbolAndName,,,2018-04-18T10:06:29Z
281,19/04/2018,-26.63037197,-55.67038503,289.274994,2018-04-19T09:46:12Z,,,CC19042018011,,,,Waypoint,user,,,,,,,,,,,SymbolAndName,,,2018-04-19T09:46:12Z
282,19/04/2018,-26.63006896,-55.67045703,287.872559,2018-04-19T10:00:11Z,,,CC19042018021,,,,Waypoint,user,,,,,,,,,,,SymbolAndName,,,2018-04-19T10:00:11Z
283,19/04/2018,-26.62572529,-55.66644075,279.988586,2018-04-19T14:32:24Z,,,CC19042018031,CC1904201803,CC1904201803,,Waypoint,user,,,,,,,,,,,SymbolAndName,,,2018-04-19T14:32:24Z
284,19/04/2018,-26.62604414,-55.66636934,278.780182,2018-04-19T15:28:59Z,,,CC190420180411,,,,Waypoint,user,,,,,,,,,,,SymbolAndName,,,2018-04-19T15:28:59Z
285,19/04/2018,-26.62601103,-55.66623196,279.371002,2018-04-19T15:27:15Z,,,CC19042018042,,,,Waypoint,user,,,,,,,,,,,SymbolAndName,,,2018-04-19T15:27:15Z
286,19/04/2018,-26.626005,-55.66608603,279.308868,2018-04-19T15:58:11Z,,,CC19042018051,,,,Waypoint,user,,,,,,,,,,,SymbolAndName,,,2018-04-19T15:58:11Z
287,19/04/2018,-26.626035,-55.666224,279.320312,2018-04-19T15:28:42Z,,,CC190420181,,,,Waypoint,user,,,,,,,,,,,SymbolAndName,,,2018-04-19T15:28:42Z
288,19/04/2018,-26.62467898,-55.66588696,284.202576,2018-04-21T13:58:53Z,,,CC1904201831,,,,Waypoint,user,,,,,,,,,,,SymbolAndName,,,2018-04-21T13:58:53Z
296,20/04/2018,-26.63073197,-55.67028997,282.585419,2018-04-20T10:12:18Z,,,CC20042018011,,,,Waypoint,user,,,,,,,,,,,SymbolAndName,,,2018-04-20T10:12:18Z
297,20/04/2018,-26.630607,-55.66995503,282.001251,2018-04-20T09:58:33Z,,,CC20042018021,,,,Waypoint,user,,,,,,,,,,,SymbolAndName,,,2018-04-20T09:58:33Z
298,20/04/2018,-26.63012001,-55.67050497,284.785919,2018-04-20T10:37:08Z,,,CC20042018031,,,,Waypoint,user,,,,,,,,,,,SymbolAndName,,,2018-04-20T10:37:08Z
303,21/04/2018,-26.63076499,-55.66367598,281.022278,2018-04-21T15:45:07Z,,,CC210420181,25M N,25M N,,Waypoint,user,,,,,,,,,,,SymbolAndName,,,2018-04-21T15:45:07Z
304,21/04/2018,-26.63097865,-55.67018713,286.319336,2018-04-22T10:13:42Z,,,CC2104201831,SS,SS,,Waypoint,user,,,,,,,,,,,SymbolAndName,,,2018-04-22T10:13:42Z
307,22/04/2018,-26.63100899,-55.67014396,286.393097,2018-04-22T10:13:23Z,,,CC220420181,,,,Waypoint,user,,,,,,,,,,,SymbolAndName,,,2018-04-22T10:13:23Z
308,22/04/2018,-26.63061596,-55.67027497,285.448151,2018-04-22T10:15:08Z,,,CC2204201821,26M NE,26M NE,,Waypoint,user,,,,,,,,,,,SymbolAndName,,,2018-04-22T10:15:08Z
106,09/05/2018,-26.62690714,-55.66201729,288.292145,2018-05-19T18:04:21Z,,,CC090520183,15M IN,15M IN,,Waypoint,user,,,,,,,,,,,SymbolAndName,,,2018-05-19T18:04:21Z
128,10/05/2018,-26.63053198,-55.66942102,269.599304,2018-07-13T10:47:17Z,,,CC1005201821,,,,Waypoint,user,,,,,,,,,,,SymbolAndName,,,2018-07-13T10:47:17Z
198,14/05/2018,-26.63066299,-55.66417504,270.311218,2018-05-19T20:10:30Z,,,CC140520181,,,,Waypoint,user,,,,,,,,,,,SymbolAndName,,,2018-05-19T20:10:30Z
238,16/05/2018,-26.62933605,-55.65983665,281.13858,2018-05-19T17:57:46Z,,,CC160520181,30M W,30M W,,Waypoint,user,,,,,,,,,,,SymbolAndName,,,2018-05-19T17:57:46Z
289,19/05/2018,-26.62990501,-55.66483604,273.111908,2018-05-19T20:12:54Z,,,CC190520181,FS,FS,,Waypoint,user,,,,,,,,,,,SymbolAndName,,,2018-05-19T20:12:54Z
290,19/05/2018,-26.63075686,-55.66935162,235.834946,2018-05-20T10:39:15Z,,,CC1905201831,15M NORTH SS,15M NORTH SS,,Waypoint,user,,,,,,,,,,,SymbolAndName,,,2018-05-20T10:39:15Z
291,19/05/2018,-26.62765699,-55.66056772,284.835907,2018-05-19T18:02:00Z,,,CC190520184,35M OUT,35M OUT,,Waypoint,user,,,,,,,,,,,SymbolAndName,,,2018-05-19T18:02:00Z
299,20/05/2018,-26.63096465,-55.66940283,235.834946,2018-05-20T10:38:49Z,,,CC200520181,10M DOWN,10M DOWN,,Waypoint,user,,,,,,,,,,,SymbolAndName,,,2018-05-20T10:38:49Z
300,20/05/2018,-26.62693111,-55.66004394,224.195526,2018-05-20T12:55:30Z,,,CC2005201822,10M I&N,10M I&N,,Waypoint,user,,,,,,,,,,,SymbolAndName,,,2018-05-20T12:55:30Z
65,06/06/2018,-26.62993535,-55.66438719,268.589966,2018-06-06T14:19:46Z,,,CC060620181,,,,Waypoint,user,,,,,,,,,,,SymbolAndName,,,2018-06-06T14:19:46Z
66,06/06/2018,-26.62969069,-55.66456354,269.913116,2018-06-06T14:25:57Z,,,CC0606201821,,,,Waypoint,user,,,,,,,,,,,SymbolAndName,,,2018-06-06T14:25:57Z
67,06/06/2018,-26.62345396,-55.66302496,300.748383,2018-06-06T18:26:01Z,,,CC0606201831,,,,Waypoint,user,,,,,,,,,,,SymbolAndName,,,2018-06-06T18:26:01Z
84,07/06/2018,-26.63189898,-55.66174798,195.484085,2018-06-07T11:24:33Z,,,CC070620181,,,,Waypoint,user,,,,,,,,,,,SymbolAndName,,,2018-06-07T11:24:33Z
85,07/06/2018,-26.63123321,-55.66056898,198.32193,2018-06-07T11:44:19Z,,,CC0706201821,,,,Waypoint,user,,,,,,,,,,,SymbolAndName,,,2018-06-07T11:44:19Z
86,07/06/2018,-26.62792395,-55.66156693,197.294067,2018-06-07T13:35:53Z,,,CC0706201841,30M,30M,,Waypoint,user,,,,,,,,,,,SymbolAndName,,,2018-06-07T13:35:53Z
87,07/06/2018,-26.62750997,-55.66213799,197.983719,2018-06-07T14:04:38Z,,,CC0706201851,,,,Waypoint,user,,,,,,,,,,,SymbolAndName,,,2018-06-07T14:04:38Z
88,07/06/2018,-26.62923999,-55.66030797,282.448151,2018-06-07T19:55:55Z,,,CC0706201861,,,,Waypoint,user,,,,,,,,,,,SymbolAndName,,,2018-06-07T19:55:55Z
93,08/06/2018,-26.62476799,-55.66690796,274.167053,2018-06-11T13:09:13Z,,,CC080620181,,,,Waypoint,user,,,,,,,,,,,SymbolAndName,,,2018-06-11T13:09:13Z
94,08/06/2018,-26.624611,-55.66586802,274.601776,2018-06-11T13:36:11Z,,,CC0806201821,,,,Waypoint,user,,,,,,,,,,,SymbolAndName,,,2018-06-11T13:36:11Z
95,08/06/2018,-26.62402201,-55.66587799,273.907501,2018-06-11T13:38:37Z,,,CC0806201831,20M N,20M N,,Waypoint,user,,,,,,,,,,,SymbolAndName,,,2018-06-11T13:38:37Z
96,08/06/2018,-26.62348003,-55.66627303,275.053223,2018-06-11T13:41:04Z,,,CC0806201841,,,,Waypoint,user,,,,,,,,,,,SymbolAndName,,,2018-06-11T13:41:04Z
97,08/06/2018,-26.62338599,-55.66630103,275.387054,2018-06-11T13:42:42Z,,,CC0806201851,FS,FS,,Waypoint,user,,,,,,,,,,,SymbolAndName,,,2018-06-11T13:42:42Z
107,09/06/2018,-26.62750795,-55.66127071,285.252991,2018-05-19T18:07:04Z,,,CC090520185,30M IN,30M IN,,Waypoint,user,,,,,,,,,,,SymbolAndName,,,2018-05-19T18:07:04Z
108,09/06/2018,-26.630622,-55.66958799,237.420334,2018-07-13T10:44:48Z,,,CC090620181,,,,Waypoint,user,,,,,,,,,,,SymbolAndName,,,2018-07-13T10:44:48Z
129,10/06/2018,-26.627157,-55.66059203,275.030731,2018-06-10T16:39:20Z,,,CC100620181,,,,Waypoint,user,,,,,,,,,,,SymbolAndName,,,2018-06-10T16:39:20Z
130,10/06/2018,-26.62871663,-55.65994922,286.855103,2018-06-10T17:23:45Z,,,CC1006201821,,,,Waypoint,user,,,,,,,,,,,SymbolAndName,,,2018-06-10T17:23:45Z
CC13062018,13/06/2018,-26.63070456,-55.66945195,,2020-04-23T01:00:33Z,,,CC13062018,,,,"Flag, Blue",user,,,,,,,,,,,SymbolAndName,,,2020-04-23T01:00:33Z
199,14/06/2018,-26.63063197,-55.66945304,124.04039,2018-06-14T11:49:43Z,,,CC1406201821,,,,Waypoint,user,,,,,,,,,,,SymbolAndName,,,2018-06-14T11:49:43Z
200,14/06/2018,-26.63046199,-55.66937601,134.361221,2018-06-14T11:52:22Z,,,CC1406201831,,,,Waypoint,user,,,,,,,,,,,SymbolAndName,,,2018-06-14T11:52:22Z
201,14/06/2018,-26.63008204,-55.66933402,201.359543,2018-06-14T12:15:04Z,,,CC1406201841,,,,Waypoint,user,,,,,,,,,,,SymbolAndName,,,2018-06-14T12:15:04Z
210,14/06/2018,-26.62604506,-55.66610992,269.158386,2018-06-14T20:05:51Z,,,CC141620181,,,,Waypoint,user,,,,,,,,,,,SymbolAndName,,,2018-06-14T20:05:51Z
257,17/06/2018,-26.62752296,-55.66068599,263.024017,2018-06-18T12:28:16Z,,,CC170620181,,,,Waypoint,user,,,,,,,,,,,SymbolAndName,,,2018-06-18T12:28:16Z
258,17/06/2018,-26.62746504,-55.66042003,187.946579,2018-06-18T12:26:07Z,,,CC1706201841,SS,SS,,Waypoint,user,,,,,,,,,,,SymbolAndName,,,2018-06-18T12:26:07Z
275,18/06/2018,-26.62765003,-55.66043998,123.433311,2018-06-18T12:25:01Z,,,CC180620181,SS,SS,,Waypoint,user,,,,,,,,,,,SymbolAndName,,,2018-06-18T12:25:01Z
276,18/06/2018,-26.62756604,-55.66065297,262.964661,2018-06-18T12:28:01Z,,,CC1806201821,,,,Waypoint,user,,,,,,,,,,,SymbolAndName,,,2018-06-18T12:28:01Z
141,10/07/2018,-26.61917316,-55.66360851,311.104065,2018-07-10T18:30:27Z,,,CC1072018 21,,,,Waypoint,user,,,,,,,,,,,SymbolAndName,,,2018-07-10T18:30:27Z
142,10/07/2018,-26.61855692,-55.66459472,311.843903,2018-07-10T18:11:33Z,,,CC10720181,,,,Waypoint,user,,,,,,,,,,,SymbolAndName,,,2018-07-10T18:11:33Z
155,11/07/2018,-26.61933552,-55.66586106,250.049118,2018-07-11T10:41:16Z,,,CC1172018 11,,,,Waypoint,user,,,,,,,,,,,SymbolAndName,,,2018-07-11T10:41:16Z
161,12/07/2018,-26.63082602,-55.66993802,245.400146,2018-07-13T10:41:21Z,,,CC120720181,,,,Waypoint,user,,,,,,,,,,,SymbolAndName,,,2018-07-13T10:41:21Z
162,12/07/2018,-26.63048797,-55.66979301,238.595001,2018-07-13T10:43:17Z,,,CC1207201821,,,,Waypoint,user,,,,,,,,,,,SymbolAndName,,,2018-07-13T10:43:17Z
163,12/07/2018,-26.63035101,-55.66911098,268.202271,2018-07-13T10:51:29Z,,,CC1207201831,,,,Waypoint,user,,,,,,,,,,,SymbolAndName,,,2018-07-13T10:51:29Z
186,13/07/2018,-26.62972882,-55.66053612,272.057159,2018-07-16T18:20:23Z,,,CC13072018311,,,,Waypoint,user,,,,,,,,,,,SymbolAndName,,,2018-07-16T18:20:23Z
187,13/07/2018,-26.63034104,-55.66913201,268.180176,2018-07-13T10:51:54Z,,,CC1307201832,,,,Waypoint,user,,,,,,,,,,,SymbolAndName,,,2018-07-13T10:51:54Z
188,13/07/2018,-26.63044598,-55.66875198,268.131348,2018-07-13T11:04:59Z,,,CC1307201841,,,,Waypoint,user,,,,,,,,,,,SymbolAndName,,,2018-07-13T11:04:59Z
189,13/07/2018,-26.62881754,-55.65993313,276.306213,2018-07-16T18:49:43Z,,,CC1307201851,30M NE,30M NE,,Waypoint,user,,,,,,,,,,,SymbolAndName,,,2018-07-16T18:49:43Z
190,13/07/2018,-26.62815043,-55.65956642,278.14212,2018-07-16T18:45:54Z,,,CC1307201861,40M E,40M E,,Waypoint,user,,,,,,,,,,,SymbolAndName,,,2018-07-16T18:45:54Z
204,14/07/2018,-26.63017089,-55.66526762,174.770935,2017-07-14T13:40:04Z,,,CC1407201717,,,,Waypoint,user,,,,,,,,,,,SymbolAndName,,,2017-07-14T13:40:04Z
206,14/07/2018,-26.63181265,-55.66116066,272.69751,2018-07-14T17:07:34Z,,,CC140720181,45M N,45M N,,Waypoint,user,,,,,,,,,,,SymbolAndName,,,2018-07-14T17:07:34Z
207,14/07/2018,-26.63023341,-55.66186784,276.133789,2018-07-14T17:34:37Z,,,CC1407201821,25M NEE,25M NEE,,Waypoint,user,,,,,,,,,,,SymbolAndName,,,2018-07-14T17:34:37Z
243,16/07/2018,-26.63058998,-55.66988798,280.780731,2018-07-17T10:09:46Z,,,CC16072018SS1,,,,Waypoint,user,,,,,,,,,,,SymbolAndName,,,2018-07-17T10:09:46Z
259,17/07/2018,-26.63057598,-55.66988999,280.852875,2018-07-17T10:09:29Z,,,CC170720181,,,,Waypoint,user,,,,,,,,,,,SymbolAndName,,,2018-07-17T10:09:29Z
260,17/07/2018,-26.63062904,-55.66985596,278.550507,2018-07-17T10:39:33Z,,,CC1707201821,,,,Waypoint,user,,,,,,,,,,,SymbolAndName,,,2018-07-17T10:39:33Z
261,17/07/2018,-26.63149104,-55.66248802,280.940155,2018-07-17T14:55:15Z,,,CC1707201841,FS,FS,,Waypoint,user,,,,,,,,,,,SymbolAndName,,,2018-07-17T14:55:15Z
262,17/07/2018,-26.63068604,-55.66588101,272.057953,2018-07-17T17:02:27Z,,,CC17072018511,,,,Waypoint,user,,,,,,,,,,,SymbolAndName,,,2018-07-17T17:02:27Z
263,17/07/2018,-26.63044824,-55.66535396,270.195526,2018-07-17T15:26:41Z,,,CC1707201852,,,,Waypoint,user,,,,,,,,,,,SymbolAndName,,,2018-07-17T15:26:41Z
264,17/07/2018,-26.63081847,-55.66593608,272.531128,2018-07-17T17:05:09Z,,,CC1707201861,,,,Waypoint,user,,,,,,,,,,,SymbolAndName,,,2018-07-17T17:05:09Z
378,27/08/2018,-26.6277403,-55.66412567,278.404022,2018-03-27T14:16:06Z,,,CC2703201872,,,,Waypoint,user,,,,,,,,,,,SymbolAndName,,,2018-03-27T14:16:06Z
351,25/09/2018,-26.63101796,-55.67014497,272.587646,2018-09-25T09:20:25Z,,,CC250920181,,,,Waypoint,user,,,,,,,,,,,SymbolAndName,,,2018-09-25T09:20:25Z
352,25/09/2018,-26.63091403,-55.67002201,280.211426,2018-09-25T10:03:48Z,,,CC2509201821,,,,Waypoint,user,,,,,,,,,,,SymbolAndName,,,2018-09-25T10:03:48Z
353,25/09/2018,-26.63062301,-55.670323,281.196045,2018-09-26T09:55:43Z,,,CC2509201831,SS15M WNW,SS15M WNW,,Waypoint,user,,,,,,,,,,,SymbolAndName,,,2018-09-26T09:55:43Z
364,26/09/2018,-26.630479,-55.67016374,280.359283,2018-09-26T09:54:43Z,,,CC260920181,10M IN,10M IN,,Waypoint,user,,,,,,,,,,,SymbolAndName,,,2018-09-26T09:54:43Z
365,26/09/2018,-26.63064186,-55.66899983,273.536102,2018-09-26T10:07:04Z,,,CC2609201831,40M ESE,40M ESE,,Waypoint,user,,,,,,,,,,,SymbolAndName,,,2018-09-26T10:07:04Z
366,26/09/2018,-26.63054598,-55.66889204,276.177277,2018-09-26T10:26:38Z,,,CC2609201841,,,,Waypoint,user,,,,,,,,,,,SymbolAndName,,,2018-09-26T10:26:38Z
CC28092018,28/09/2018,-26.63059074,-55.66635501,,2020-04-23T01:02:17Z,,,CC28092018,,,,"Flag, Blue",user,,,,,,,,,,,SymbolAndName,,,2020-04-23T01:02:17Z
CC09112018,09/11/2018,-26.63020198,-55.66980877,,2020-04-23T01:04:41Z,,,CC09112018,,,,"Flag, Blue",user,,,,,,,,,,,SymbolAndName,,,2020-04-23T01:04:41Z
CC27112018,27/11/2018,-26.63041941,-55.66987851,,2020-04-23T01:04:58Z,,,CC27112018,,,,"Flag, Blue",user,,,,,,,,,,,SymbolAndName,,,2020-04-23T01:04:58Z
CC30112018,30/11/2018,-26.63035017,-55.66944768,,2020-04-23T01:06:14Z,,,CC30112018,,,,"Flag, Blue",user,,,,,,,,,,,SymbolAndName,,,2020-04-23T01:06:14Z
CC28012019,28/01/2019,-26.63083079,-55.66959486,,2020-04-23T01:09:27Z,,,CC28012019,,,,"Flag, Blue",user,,,,,,,,,,,SymbolAndName,,,2020-04-23T01:09:27Z
CC29012019,29/01/2019,-26.63061345,-55.66921089,,2020-04-23T01:09:48Z,,,CC29012019,,,,"Flag, Blue",user,,,,,,,,,,,SymbolAndName,,,2020-04-23T01:09:48Z
CC30012019,30/01/2019,-26.63026015,-55.66948095,,2020-04-23T01:10:05Z,,,CC30012019,,,,"Flag, Blue",user,,,,,,,,,,,SymbolAndName,,,2020-04-23T01:10:05Z
CC31012019,31/01/2019,-26.63019427,-55.66970207,,2020-04-23T01:10:32Z,,,CC31012019,,,,"Flag, Blue",user,,,,,,,,,,,SymbolAndName,,,2020-04-23T01:10:32Z
319,24/02/2019,-26.63082501,-55.66901509,269.623474,2019-10-24T09:14:32Z,,,CC240201921,50M SW,50M SW,,Waypoint,user,,,,,,,,,,,SymbolAndName,,,2019-10-24T09:14:32Z
381,27/05/2019,-26.63088553,-55.66936126,282.499542,2019-05-28T15:04:45Z,,,CC270520191,NNE50M,NNE50M,,Waypoint,user,,,,,,,,,,,SymbolAndName,,,2019-05-28T15:04:45Z
395,28/05/2019,-26.63104746,-55.66966644,263.01709,2019-05-28T09:50:06Z,,,CC280520191,550AM 15M IN,550AM 15M IN,,Waypoint,user,,,,,,,,,,,SymbolAndName,,,2019-05-28T09:50:06Z
396,28/05/2019,-26.63034414,-55.67005059,271.07431,2019-05-28T10:24:34Z,,,CC2805201921,,,,Waypoint,user,,,,,,,,,,,SymbolAndName,,,2019-05-28T10:24:34Z
397,28/05/2019,-26.62548138,-55.66742437,273.001343,2019-05-28T15:53:20Z,,,CC2805201931,,,,Waypoint,user,,,,,,,,,,,SymbolAndName,,,2019-05-28T15:53:20Z
398,28/05/2019,-26.62602662,-55.66674133,274.073517,2019-05-28T16:05:34Z,,,CC2805201941,SW66M,SW66M,,Waypoint,user,,,,,,,,,,,SymbolAndName,,,2019-05-28T16:05:34Z
411,29/05/2019,-26.62871897,-55.66848401,271.083588,2019-05-29T21:14:12Z,,,CC290520191,,,,Waypoint,user,,,,,,,,,,,SymbolAndName,,,2019-05-29T21:14:12Z
412,29/05/2019,-26.63095484,-55.67019199,282.988098,2019-05-31T10:10:03Z,,,CC29052019SS1,,,,Waypoint,user,,,,,,,,,,,SymbolAndName,,,2019-05-31T10:10:03Z
426,30/05/2019,-26.62965833,-55.66100702,279.807678,2019-05-30T14:21:37Z,,,CC300520191,75M SW,75M SW,,Waypoint,user,,,,,,,,,,,SymbolAndName,,,2019-05-30T14:21:37Z
432,30/05/2019,-26.63067698,-55.66914626,287.716888,2019-05-30T10:29:20Z,,,CC300520191,,,,Waypoint,user,,,,,,,,,,,SymbolAndName,,,2019-05-30T10:29:20Z
433,30/05/2019,-26.63140303,-55.65991603,275.134155,2019-05-30T13:58:55Z,,,CC3005201921,FRESH FS 956AM,FRESH FS 956AM,,Waypoint,user,,,,,,,,,,,SymbolAndName,,,2019-05-30T13:58:55Z
434,30/05/2019,-26.63214097,-55.65957204,278.250458,2019-05-30T18:01:22Z,,,CC3005201941,FRESH FS,FRESH FS,,Waypoint,user,,,,,,,,,,,SymbolAndName,,,2019-05-30T18:01:22Z
435,30/05/2019,-26.63219403,-55.65964404,278.750824,2019-05-30T18:04:12Z,,,CC3005201951,FRESH FS,FRESH FS,,Waypoint,user,,,,,,,,,,,SymbolAndName,,,2019-05-30T18:04:12Z
436,30/05/2019,-26.62745004,-55.66128102,291.59082,2019-05-30T19:25:27Z,,,CC3005201961,FS OLDER,FS OLDER,,Waypoint,user,,,,,,,,,,,SymbolAndName,,,2019-05-30T19:25:27Z
437,30/05/2019,-26.63103104,-55.67012502,282.950378,2019-05-31T10:09:44Z,,,CC30052019MSS1,,,,Waypoint,user,,,,,,,,,,,SymbolAndName,,,2019-05-31T10:09:44Z
453,31/05/2019,-26.63109876,-55.66380565,249.783752,2019-05-31T13:30:06Z,,,CC310520191,300M SES,300M SES,,Waypoint,user,,,,,,,,,,,SymbolAndName,,,2019-05-31T13:30:06Z
27,03/06/2019,-26.62963092,-55.65947958,285.046783,2019-07-03T16:16:09Z,,,CC03062019101,5DE S OF SE,5DE S OF SE,,Waypoint,user,,,,,,,,,,,SymbolAndName,,,2019-07-03T16:16:09Z
28,03/06/2019,-26.62951701,-55.66026899,283.764893,2019-07-03T16:19:29Z,,,CC03062019111,5M -W,5M -W,,Waypoint,user,,,,,,,,,,,SymbolAndName,,,2019-07-03T16:19:29Z
29,03/06/2019,-26.62991096,-55.66005701,282.49231,2019-07-03T16:22:47Z,,,CC03062019121,15DE N OF W 55M,15DE N OF W 55M,,Waypoint,user,,,,,,,,,,,SymbolAndName,,,2019-07-03T16:22:47Z
382,27/06/2019,-26.63098896,-55.66991799,274.608917,2019-06-29T10:21:09Z,,,CC270620191,SS,SS,,Waypoint,user,,,,,,,,,,,SymbolAndName,,,2019-06-29T10:21:09Z
383,28/06/2019,-26.6317518,-55.66605879,270.925995,2019-06-29T10:58:47Z,,,CC28006201921,30M 120DG,30M 120DG,,Waypoint,user,,,,,,,,,,,SymbolAndName,,,2019-06-29T10:58:47Z
399,28/06/2019,-26.63081604,-55.66981397,273.438049,2019-06-29T10:29:09Z,,,CC2806201911,50M SE,50M SE,,Waypoint,user,,,,,,,,,,,SymbolAndName,,,2019-06-29T10:29:09Z
400,28/06/2019,-26.63089802,-55.66985898,274.64917,2019-06-29T10:21:38Z,,,CC280620192,,,,Waypoint,user,,,,,,,,,,,SymbolAndName,,,2019-06-29T10:21:38Z
401,28/06/2019,-26.63090698,-55.66985898,275.016174,2019-06-29T10:22:33Z,,,CC2806201931,SS,SS,,Waypoint,user,,,,,,,,,,,SymbolAndName,,,2019-06-29T10:22:33Z
402,28/06/2019,-26.62961357,-55.66402266,259.948303,2019-06-29T12:22:25Z,,,CC2806201941,8AM 45M 105DG,8AM 45M 105DG,,Waypoint,user,,,,,,,,,,,SymbolAndName,,,2019-06-29T12:22:25Z
413,29/06/2019,-26.63070171,-55.66913302,273.457611,2019-06-29T10:29:48Z,,,CC29062019115,40M SE,40M SE,,Waypoint,user,,,,,,,,,,,SymbolAndName,,,2019-06-29T10:29:48Z
414,29/06/2019,-26.63221062,-55.66125671,261.377319,2019-06-29T12:44:14Z,,,CC2906201921,FS,FS,,Waypoint,user,,,,,,,,,,,SymbolAndName,,,2019-06-29T12:44:14Z
415,29/06/2019,-26.630895,-55.66988798,274.905853,2019-06-29T10:22:08Z,,,CC290620193,,,,Waypoint,user,,,,,,,,,,,SymbolAndName,,,2019-06-29T10:22:08Z
416,29/06/2019,-26.625949,-55.66600003,267.298767,2019-06-29T19:18:07Z,,,CC2906201941,,,,Waypoint,user,,,,,,,,,,,SymbolAndName,,,2019-06-29T19:18:07Z
438,30/06/2019,-26.63070297,-55.66972001,269.146606,2019-06-30T10:51:07Z,,,CC300620191,,,,Waypoint,user,,,,,,,,,,,SymbolAndName,,,2019-06-30T10:51:07Z
439,30/06/2019,-26.630853,-55.66666153,264.269989,2019-06-30T12:23:03Z,,,CC30062019101,27M W,27M W,,Waypoint,user,,,,,,,,,,,SymbolAndName,,,2019-06-30T12:23:03Z
440,30/06/2019,-26.62697922,-55.66030168,300.466461,2019-07-01T18:29:33Z,,,CC30062019111,15M 60DG,15M 60DG,,Waypoint,user,,,,,,,,,,,SymbolAndName,,,2019-07-01T18:29:33Z
441,30/06/2019,-26.62752103,-55.66064098,300.381897,2019-07-01T18:31:08Z,,,CC30062019121,,,,Waypoint,user,,,,,,,,,,,SymbolAndName,,,2019-07-01T18:31:08Z
442,30/06/2019,-26.63061001,-55.66939303,267.899536,2019-06-30T10:58:44Z,,,CC3006201921,20M SE,20M SE,,Waypoint,user,,,,,,,,,,,SymbolAndName,,,2019-06-30T10:58:44Z
443,30/06/2019,-26.63044648,-55.6681598,266.87674,2019-06-30T11:07:16Z,,,CC3006201931,75M SE,75M SE,,Waypoint,user,,,,,,,,,,,SymbolAndName,,,2019-06-30T11:07:16Z
444,30/06/2019,-26.6307624,-55.66845803,275.257751,2019-06-30T11:35:28Z,,,CC3006201961,30M 15DE S OF E,30M 15DE S OF E,,Waypoint,user,,,,,,,,,,,SymbolAndName,,,2019-06-30T11:35:28Z
445,30/06/2019,-26.63068755,-55.66812032,272.693268,2019-06-30T11:39:21Z,,,CC3006201971,20M 30DE S OF E,20M 30DE S OF E,,Waypoint,user,,,,,,,,,,,SymbolAndName,,,2019-06-30T11:39:21Z
446,30/06/2019,-26.63101796,-55.66783902,272.47052,2019-06-30T11:43:20Z,,,CC3006201981,17M 10DE S OF E,17M 10DE S OF E,,Waypoint,user,,,,,,,,,,,SymbolAndName,,,2019-06-30T11:43:20Z
447,30/06/2019,-26.6307795,-55.66760684,270.567383,2019-06-30T11:52:27Z,,,CC3006201991,15M 5DE S OF E,15M 5DE S OF E,,Waypoint,user,,,,,,,,,,,SymbolAndName,,,2019-06-30T11:52:27Z
448,30/06/2019,-26.62739103,-55.660314,299.159363,2019-07-01T18:33:34Z,,,CC30062019SS1,,,,Waypoint,user,,,,,,,,,,,SymbolAndName,,,2019-07-01T18:33:34Z
8,01/07/2019,-26.62741902,-55.66035097,298.876526,2019-07-01T18:33:57Z,,,CC010720191,,,,Waypoint,user,,,,,,,,,,,SymbolAndName,,,2019-07-01T18:33:57Z
9,01/07/2019,-26.62752002,-55.66064098,300.253357,2019-07-01T18:31:25Z,,,CC0107201921,,,,Waypoint,user,,,,,,,,,,,SymbolAndName,,,2019-07-01T18:31:25Z
10,01/07/2019,-26.62747703,-55.66031199,298.690552,2019-07-01T18:34:11Z,,,CC0107201931,,,,Waypoint,user,,,,,,,,,,,SymbolAndName,,,2019-07-01T18:34:11Z
11,01/07/2019,-26.62848554,-55.66015374,275.87088,2019-07-01T14:49:57Z,,,CC0107201951,25M E,25M E,,Waypoint,user,,,,,,,,,,,SymbolAndName,,,2019-07-01T14:49:57Z
12,01/07/2019,-26.62814599,-55.66078104,278.678711,2019-07-01T14:58:30Z,,,CC0107201961,15M NW,15M NW,,Waypoint,user,,,,,,,,,,,SymbolAndName,,,2019-07-01T14:58:30Z
13,01/07/2019,-26.63170301,-55.65993497,274.926575,2019-07-01T20:04:41Z,,,CC01072019711,100M IN,100M IN,,Waypoint,user,,,,,,,,,,,SymbolAndName,,,2019-07-01T20:04:41Z
14,01/07/2019,-26.63109499,-55.659868,277.770538,2019-07-01T19:50:52Z,,,CC0107201972,25M SW,25M SW,,Waypoint,user,,,,,,,,,,,SymbolAndName,,,2019-07-01T19:50:52Z
19,02/07/2019,-26.63070004,-55.66339703,279.470215,2019-07-02T15:50:37Z,,,CC020720191,20DG 10M,20DG 10M,,Waypoint,user,,,,,,,,,,,SymbolAndName,,,2019-07-02T15:50:37Z
20,02/07/2019,-26.62409401,-55.66280502,305.018799,2019-07-02T17:41:05Z,,,CC0207201921,235DG 40M,235DG 40M,,Waypoint,user,,,,,,,,,,,SymbolAndName,,,2019-07-02T17:41:05Z
21,02/07/2019,-26.62750804,-55.66042196,293.911499,2019-07-03T15:44:31Z,,,CC02072019SS1,,,,Waypoint,user,,,,,,,,,,,SymbolAndName,,,2019-07-03T15:44:31Z
30,03/07/2019,-26.62749697,-55.66043604,293.669708,2019-07-03T15:45:03Z,,,CC030720191,,,,Waypoint,user,,,,,,,,,,,SymbolAndName,,,2019-07-03T15:45:03Z
31,03/07/2019,-26.62739203,-55.66074902,293.68811,2019-07-03T15:49:34Z,,,CC0307201921,20M UP,20M UP,,Waypoint,user,,,,,,,,,,,SymbolAndName,,,2019-07-03T15:49:34Z
32,03/07/2019,-26.627775,-55.66119301,292.866211,2019-07-03T15:53:52Z,,,CC0307201931,,,,Waypoint,user,,,,,,,,,,,SymbolAndName,,,2019-07-03T15:53:52Z
33,03/07/2019,-26.62672902,-55.66134204,295.015228,2019-07-03T15:57:09Z,,,CC0307201941,,,,Waypoint,user,,,,,,,,,,,SymbolAndName,,,2019-07-03T15:57:09Z
34,03/07/2019,-26.62677303,-55.66107499,295.144958,2019-07-03T15:59:34Z,,,CC0307201951,,,,Waypoint,user,,,,,,,,,,,SymbolAndName,,,2019-07-03T15:59:34Z
35,03/07/2019,-26.62784399,-55.66095698,291.17395,2019-07-03T16:04:53Z,,,CC0307201961,,,,Waypoint,user,,,,,,,,,,,SymbolAndName,,,2019-07-03T16:04:53Z
36,03/07/2019,-26.62791909,-55.66034485,289.790466,2019-07-03T16:06:07Z,,,CC0307201971,35M NE,35M NE,,Waypoint,user,,,,,,,,,,,SymbolAndName,,,2019-07-03T16:06:07Z
37,03/07/2019,-26.62940637,-55.66127163,287.253113,2019-07-03T16:08:02Z,,,CC0307201981,30M SW,30M SW,,Waypoint,user,,,,,,,,,,,SymbolAndName,,,2019-07-03T16:08:02Z
38,03/07/2019,-26.62894973,-55.65993631,285.488007,2019-07-03T16:09:39Z,,,CC0307201991,25M NE,25M NE,,Waypoint,user,,,,,,,,,,,SymbolAndName,,,2019-07-03T16:09:39Z
109,09/07/2019,-26.628436,-55.66075003,189.866516,2019-07-09T19:22:39Z,,,CC09072019011,20M SW,20M SW,,Waypoint,user,,,,,,,,,,,SymbolAndName,,,2019-07-09T19:22:39Z
110,09/07/2019,-26.62748599,-55.66041601,283.007294,2019-07-13T11:00:35Z,,,CC090720191,SS,SS,,Waypoint,user,,,,,,,,,,,SymbolAndName,,,2019-07-13T11:00:35Z
131,10/07/2019,-26.623015,-55.66656598,293.284271,2019-07-10T16:35:48Z,,,CC10072019031,"15DE E OF N 2M
I THINK P3","15DE E OF N 2M
I THINK P3",,Waypoint,user,,,,,,,,,,,SymbolAndName,,,2019-07-10T16:35:48Z
132,10/07/2019,-26.62602704,-55.66017101,284.789307,2019-07-10T12:43:31Z,,,CC100720191,,,,Waypoint,user,,,,,,,,,,,SymbolAndName,,,2019-07-10T12:43:31Z
133,10/07/2019,-26.62303101,-55.66723804,288.363647,2019-07-10T17:03:50Z,,,CC1007201921,5M N,5M N,,Waypoint,user,,,,,,,,,,,SymbolAndName,,,2019-07-10T17:03:50Z
164,12/07/2019,-26.62748499,-55.66039396,283.049713,2019-07-13T11:00:54Z,,,CC120720191,SS,SS,,Waypoint,user,,,,,,,,,,,SymbolAndName,,,2019-07-13T11:00:54Z
191,13/07/2019,-26.62749002,-55.66039003,283.081055,2019-07-13T11:01:15Z,,,CC130720191,,,,Waypoint,user,,,,,,,,,,,SymbolAndName,,,2019-07-13T11:01:15Z
3,08/08/2019,-26.6302739,-55.66961221,,2020-04-23T01:11:26Z,,,CC08082019,,,,"Flag, Blue",user,,,,,,,,,,,SymbolAndName,,,2020-04-23T01:11:26Z
222,15/08/2019,-26.63066902,-55.67008403,261.43924,2019-08-15T10:45:03Z,,,CC1508201911,30DE S OF E 8M,30DE S OF E 8M,,Waypoint,user,,,,,,,,,,,SymbolAndName,,,2019-08-15T10:45:03Z
223,15/08/2019,-26.63117202,-55.66973501,262.739166,2019-08-15T10:49:10Z,,,CC1508201921,E 40M,E 40M,,Waypoint,user,,,,,,,,,,,SymbolAndName,,,2019-08-15T10:49:10Z
267,17/08/2019,-26.63058604,-55.67018503,291.648651,2019-08-17T10:01:05Z,,,CC1708201911,15DE N OF E 50M,15DE N OF E 50M,,Waypoint,user,,,,,,,,,,,SymbolAndName,,,2019-08-17T10:01:05Z
268,17/08/2019,-26.63125601,-55.66907602,282.34726,2019-08-17T10:14:18Z,,,CC1708201921,N 30M,N 30M,,Waypoint,user,,,,,,,,,,,SymbolAndName,,,2019-08-17T10:14:18Z
89,07/10/2019,-26.62951794,-55.66065456,262.202759,2019-10-08T09:37:52Z,,,CC071020191,25M W,25M W,,Waypoint,user,,,,,,,,,,,SymbolAndName,,,2019-10-08T09:37:52Z
98,08/10/2019,-26.63058696,-55.66435299,267.286438,2019-10-08T15:39:24Z,,,CC081020191,,,,Waypoint,user,,,,,,,,,,,SymbolAndName,,,2019-10-08T15:39:24Z
99,08/10/2019,-26.63074362,-55.6652123,266.333954,2019-10-08T15:56:45Z,,,CC0810201921,20M TW LAKE,20M TW LAKE,,Waypoint,user,,,,,,,,,,,SymbolAndName,,,2019-10-08T15:56:45Z
100,08/10/2019,-26.63087664,-55.66538623,271.292938,2019-10-08T17:49:36Z,,,CC0810201931,40M DOWN,40M DOWN,,Waypoint,user,,,,,,,,,,,SymbolAndName,,,2019-10-08T17:49:36Z
137,10/10/2019,-26.62595219,-55.66355964,290.861389,2019-10-11T09:43:50Z,,,CC1010201911,105M WSW,105M WSW,,Waypoint,user,,,,,,,,,,,SymbolAndName,,,2019-10-11T09:43:50Z
138,10/10/2019,-26.62753201,-55.66133584,276.400055,2019-10-10T09:10:49Z,,,CC101020192,,,,Waypoint,user,,,,,,,,,,,SymbolAndName,,,2019-10-10T09:10:49Z
318,23/10/2019,-26.63074102,-55.66968204,272.742676,2019-10-24T08:59:58Z,,,CC231020191,SS,SS,,Waypoint,user,,,,,,,,,,,SymbolAndName,,,2019-10-24T08:59:58Z
331,24/10/2019,-26.63073298,-55.66968698,273.94104,2019-10-24T09:00:30Z,,,CC241020191,,,,Waypoint,user,,,,,,,,,,,SymbolAndName,,,2019-10-24T09:00:30Z
332,24/10/2019,-26.62993753,-55.66647068,252.761642,2019-10-24T13:12:53Z,,,CC2410201931,50M INUP,50M INUP,,Waypoint,user,,,,,,,,,,,SymbolAndName,,,2019-10-24T13:12:53Z
333,24/10/2019,-26.62994315,-55.66305161,266.593597,2019-10-24T14:15:03Z,,,CC2410201941,40M NNE,40M NNE,,Waypoint,user,,,,,,,,,,,SymbolAndName,,,2019-10-24T14:15:03Z
334,24/10/2019,-26.63176303,-55.66202299,268.375336,2019-10-24T16:20:46Z,,,CC2410201951,,,,Waypoint,user,,,,,,,,,,,SymbolAndName,,,2019-10-24T16:20:46Z
335,24/10/2019,-26.63187392,-55.6605031,270.39679,2019-10-24T16:42:03Z,,,CC2410201961,10M IN,10M IN,,Waypoint,user,,,,,,,,,,,SymbolAndName,,,2019-10-24T16:42:03Z
354,25/10/2019,-26.62345539,-55.66515137,256.307648,2019-10-25T14:33:36Z,,,CC251020191,50M ESE,50M ESE,,Waypoint,user,,,,,,,,,,,SymbolAndName,,,2019-10-25T14:33:36Z
367,26/10/2019,-26.62392008,-55.6646425,268.906219,2019-10-26T10:42:48Z,,,CC261020191,100M SES,100M SES,,Waypoint,user,,,,,,,,,,,SymbolAndName,,,2019-10-26T10:42:48Z
2,05/11/2019,-26.62685358,-55.66078314,,2020-04-23T01:03:26Z,,,CC05112018,,,,"Flag, Blue",user,,,,,,,,,,,SymbolAndName,,,2020-04-23T01:03:26Z
22,02/12/2019,-26.63084948,-55.66858149,278.314148,2019-12-04T09:23:44Z,,,CC021201931,50M N,50M N,,Waypoint,user,,,,,,,,,,,SymbolAndName,,,2019-12-04T09:23:44Z
23,02/12/2019,-26.63094101,-55.67009199,282.403961,2019-12-04T08:25:47Z,,,CC021220191,SS,SS,,Waypoint,user,,,,,,,,,,,SymbolAndName,,,2019-12-04T08:25:47Z
39,03/12/2019,-26.63090598,-55.67009199,282.484009,2019-12-04T08:25:32Z,,,CC031220191,,,,Waypoint,user,,,,,,,,,,,SymbolAndName,,,2019-12-04T08:25:32Z
40,03/12/2019,-26.63074798,-55.66965002,275.398926,2019-12-04T08:32:55Z,,,CC0312201921,,,,Waypoint,user,,,,,,,,,,,SymbolAndName,,,2019-12-04T08:32:55Z
41,03/12/2019,-26.63086625,-55.66810071,273.565643,2019-12-04T09:37:28Z,,,CC0312201941,30M NE,30M NE,,Waypoint,user,,,,,,,,,,,SymbolAndName,,,2019-12-04T09:37:28Z
42,04/12/2019,-26.630853,-55.66983903,275.654144,2019-12-04T08:59:18Z,,,CC0412201921,,,,Waypoint,user,,,,,,,,,,,SymbolAndName,,,2019-12-04T08:59:18Z
43,04/12/2019,-26.63097295,-55.66852491,277.288452,2019-12-04T09:26:38Z,,,CC0412201931,20M N,20M N,,Waypoint,user,,,,,,,,,,,SymbolAndName,,,2019-12-04T09:26:38Z
44,04/12/2019,-26.63083255,-55.66824923,274.915039,2019-12-04T09:31:24Z,,,CC0412201941,25M N,25M N,,Waypoint,user,,,,,,,,,,,SymbolAndName,,,2019-12-04T09:31:24Z
45,04/12/2019,-26.63074572,-55.6678101,273.686615,2019-12-04T09:36:21Z,,,CC0412201951,15M NNE,15M NNE,,Waypoint,user,,,,,,,,,,,SymbolAndName,,,2019-12-04T09:36:21Z
46,04/12/2019,-26.62853851,-55.65933407,275.708984,2019-12-04T14:37:56Z,,,CC0412201961,50M NEE,50M NEE,,Waypoint,user,,,,,,,,,,,SymbolAndName,,,2019-12-04T14:37:56Z
47,04/12/2019,-26.62767802,-55.66106996,282.575684,2019-12-04T14:59:20Z,,,CC0412201971,,,,Waypoint,user,,,,,,,,,,,SymbolAndName,,,2019-12-04T14:59:20Z
48,04/12/2019,-26.63092903,-55.67002603,273.167908,2019-12-05T08:32:21Z,,,CC0412201981,SS,SS,,Waypoint,user,,,,,,,,,,,SymbolAndName,,,2019-12-05T08:32:21Z
52,05/12/2019,-26.63088201,-55.67002301,273.588715,2019-12-05T08:32:45Z,,,CC051220191,,,,Waypoint,user,,,,,,,,,,,SymbolAndName,,,2019-12-05T08:32:45Z
53,05/12/2019,-26.630637,-55.66969503,274.457001,2019-12-05T08:52:09Z,,,CC0512201921,,,,Waypoint,user,,,,,,,,,,,SymbolAndName,,,2019-12-05T08:52:09Z
54,05/12/2019,-26.62991289,-55.6682774,273.122162,2019-12-05T09:07:56Z,,,CC0512201931,200M N,200M N,,Waypoint,user,,,,,,,,,,,SymbolAndName,,,2019-12-05T09:07:56Z
55,05/12/2019,-26.62799796,-55.66314398,283.299805,2019-12-05T21:06:02Z,,,CC05122019411,,,,Waypoint,user,,,,,,,,,,,SymbolAndName,,,2019-12-05T21:06:02Z
56,05/12/2019,-26.63035604,-55.66553702,258.449249,2019-12-05T09:47:57Z,,,CC0512201942,100M NNE,100M NNE,,Waypoint,user,,,,,,,,,,,SymbolAndName,,,2019-12-05T09:47:57Z
57,05/12/2019,-26.63061303,-55.66550802,262.547119,2019-12-06T10:04:21Z,,,CC0512201951,25M IN OUT,25M IN OUT,,Waypoint,user,,,,,,,,,,,SymbolAndName,,,2019-12-06T10:04:21Z
58,05/12/2019,-26.62784499,-55.66275297,284.450867,2019-12-05T21:20:07Z,,,CC0512201961,20M N,20M N,,Waypoint,user,,,,,,,,,,,SymbolAndName,,,2019-12-05T21:20:07Z
59,05/12/2019,-26.63087304,-55.67004103,277.889771,2019-12-06T08:31:19Z,,,CC0512201991,SS,SS,,Waypoint,user,,,,,,,,,,,SymbolAndName,,,2019-12-06T08:31:19Z
73,06/12/2019,-26.63084898,-55.67002201,277.967957,2019-12-06T08:31:42Z,,,CC061220191,,,,Waypoint,user,,,,,,,,,,,SymbolAndName,,,2019-12-06T08:31:42Z
74,06/12/2019,-26.63061999,-55.669648,272.589081,2019-12-06T08:55:34Z,,,CC0612201921,,,,Waypoint,user,,,,,,,,,,,SymbolAndName,,,2019-12-06T08:55:34Z
75,06/12/2019,-26.63056701,-55.66946796,272.928101,2019-12-06T08:56:04Z,,,CC0612201931,30M NEE,30M NEE,,Waypoint,user,,,,,,,,,,,SymbolAndName,,,2019-12-06T08:56:04Z
76,06/12/2019,-26.63130403,-55.66867202,278.838226,2019-12-06T09:02:24Z,,,CC0612201941,50M N,50M N,,Waypoint,user,,,,,,,,,,,SymbolAndName,,,2019-12-06T09:02:24Z
77,06/12/2019,-26.63104302,-55.66832199,258.64505,2019-12-06T09:13:38Z,,,CC0612201961,50M 40DG,50M 40DG,,Waypoint,user,,,,,,,,,,,SymbolAndName,,,2019-12-06T09:13:38Z
78,07/01/2020,-26.62531198,-55.66590498,273.340332,2020-01-07T14:42:16Z,,,CC07012020,,,,Waypoint,user,,,,,,,,,,,SymbolAndName,,,2020-01-07T14:42:16Z
79,07/01/2020,-26.63303398,-55.66053998,267.761444,2020-01-07T18:07:25Z,,,CC070120201,30MIN,30MIN,,Waypoint,user,,,,,,,,,,,SymbolAndName,,,2020-01-07T18:07:25Z
92,08/01/2020,-26.62763402,-55.66112998,282.020905,2020-01-08T22:41:30Z,,,CC08012020,,,,Waypoint,user,,,,,,,,,,,SymbolAndName,,,2020-01-08T22:41:30Z
102,09/01/2020,-26.63080003,-55.67013801,283.78775,2020-01-10T08:41:42Z,,,CC09012020,SS,SS,,Waypoint,user,,,,,,,,,,,SymbolAndName,,,2020-01-10T08:41:42Z
115,10/01/2020,-26.63089399,-55.670194,283.78775,2020-01-10T08:42:04Z,,,CC10012020,,,,Waypoint,user,,,,,,,,,,,SymbolAndName,,,2020-01-10T08:42:04Z
116,10/01/2020,-26.63068,-55.67027698,281.831085,2020-01-10T09:02:18Z,,,CC100120201,,,,Waypoint,user,,,,,,,,,,,SymbolAndName,,,2020-01-10T09:02:18Z
117,10/01/2020,-26.63062401,-55.66961297,271.352783,2020-01-10T09:35:11Z,,,CC100120202,40M NNE,40M NNE,,Waypoint,user,,,,,,,,,,,SymbolAndName,,,2020-01-10T09:35:11Z
118,10/01/2020,-26.63090799,-55.66620204,264.118591,2020-01-10T10:37:48Z,,,CC1001202021,100M NW,100M NW,,Waypoint,user,,,,,,,,,,,SymbolAndName,,,2020-01-10T10:37:48Z
170,13/01/2020,-26.63040499,-55.67035401,285.923645,2020-01-14T09:04:07Z,,,CC13012020,,,,Waypoint,user,,,,,,,,,,,SymbolAndName,,,2020-01-14T09:04:07Z
192,14/01/2020,-26.63043902,-55.67031596,285.814697,2020-01-14T09:03:37Z,,,CC14012020,15M E,15M E,,Waypoint,user,,,,,,,,,,,SymbolAndName,,,2020-01-14T09:03:37Z
456,16/01/2020,-26.63797603,-55.66375201,262.915771,2020-01-16T13:24:32Z,,,CFC16012020,,,,Waypoint,user,,,,,,,,,,,SymbolAndName,,,2020-01-16T13:24:32Z
457,16/01/2020,-26.63790202,-55.66368797,262.813751,2020-01-16T13:24:59Z,,,CFC160120202,,,,Waypoint,user,,,,,,,,,,,SymbolAndName,,,2020-01-16T13:24:59Z
458,16/01/2020,-26.63800604,-55.66377103,263.193298,2020-01-16T13:27:55Z,,,CFC160120203,,,,Waypoint,user,,,,,,,,,,,SymbolAndName,,,2020-01-16T13:27:55Z
459,16/01/2020,-26.63800696,-55.66376902,263.195129,2020-01-16T13:27:56Z,,,CFC160120204,,,,Waypoint,user,,,,,,,,,,,SymbolAndName,,,2020-01-16T13:27:56Z
460,16/01/2020,-26.63800604,-55.66376701,263.198975,2020-01-16T13:27:58Z,,,CFC160420205,,,,Waypoint,user,,,,,,,,,,,SymbolAndName,,,2020-01-16T13:27:58Z
250,17/01/2020,-26.63869796,-55.66223999,217.555374,2020-01-17T09:00:03Z,,,CC17012020,,,,Waypoint,user,,,,,,,,,,,SymbolAndName,,,2020-01-17T09:00:03Z
251,17/01/2020,-26.63067598,-55.66955899,273.704681,2020-01-17T09:36:49Z,,,CC170120202,,,,Waypoint,user,,,,,,,,,,,SymbolAndName,,,2020-01-17T09:36:49Z
252,17/01/2020,-26.62733696,-55.661176,282.723358,2020-01-17T21:12:37Z,,,CC170120203,AT PLATFORM,AT PLATFORM,,Waypoint,user,,,,,,,,,,,SymbolAndName,,,2020-01-17T21:12:37Z
253,17/01/2020,-26.62409702,-55.66277401,287.597137,2020-01-17T20:45:20Z,,,CC170120204,30M IN,30M IN,,Waypoint,user,,,,,,,,,,,SymbolAndName,,,2020-01-17T20:45:20Z
494,17/01/2020,-26.61674702,-55.66700896,293.397552,2020-01-17T13:49:59Z,,,CSR17012020,,,,Waypoint,user,,,,,,,,,,,SymbolAndName,,,2020-01-17T13:49:59Z
495,17/01/2020,-26.61673704,-55.66697703,293.431915,2020-01-17T13:50:22Z,,,CSR170120202,,,,Waypoint,user,,,,,,,,,,,SymbolAndName,,,2020-01-17T13:50:22Z
496,17/01/2020,-26.61674702,-55.66695004,293.431915,2020-01-17T13:50:45Z,,,CSR170120203,,,,Waypoint,user,,,,,,,,,,,SymbolAndName,,,2020-01-17T13:50:45Z
497,17/01/2020,-26.616758,-55.66695398,293.431915,2020-01-17T13:50:46Z,,,CSR170120204,,,,Waypoint,user,,,,,,,,,,,SymbolAndName,,,2020-01-17T13:50:46Z
231,17/01/2020,-26.62936698,-55.660342,279.17511,2020-01-17T21:36:20Z,,,CC16012020,,,,Waypoint,user,,,,,,,,,,,SymbolAndName,,,2020-01-17T21:36:20Z
271,18/01/2020,-26.63057598,-55.67028201,280.558624,2020-01-19T08:53:39Z,,,CC18012020,SS,SS,,Waypoint,user,,,,,,,,,,,SymbolAndName,,,2020-01-19T08:53:39Z
279,19/01/2020,-26.63057003,-55.67026198,280.441101,2020-01-19T08:54:00Z,,,CC19012020,,,,Waypoint,user,,,,,,,,,,,SymbolAndName,,,2020-01-19T08:54:00Z
280,19/01/2020,-26.63046601,-55.66990902,278.41333,2020-01-19T09:41:09Z,,,CC190120202,,,,Waypoint,user,,,,,,,,,,,SymbolAndName,,,2020-01-19T09:41:09Z
293,20/01/2020,-26.63060599,-55.665923,234.159714,2020-01-20T12:10:17Z,,,CC20012020,,,,Waypoint,user,,,,,,,,,,,SymbolAndName,,,2020-01-20T12:10:17Z
294,20/01/2020,-26.62951877,-55.66494567,234.060745,2020-01-20T12:46:37Z,,,CC200120202,15M NNW,15M NNW,,Waypoint,user,,,,,,,,,,,SymbolAndName,,,2020-01-20T12:46:37Z
295,20/01/2020,-26.62943722,-55.66578604,250.95256,2020-01-20T13:08:54Z,,,CC200120203,40M NNW,40M NNW,,Waypoint,user,,,,,,,,,,,SymbolAndName,,,2020-01-20T13:08:54Z
302,21/01/2020,-26.6270441,-55.65947732,279.969177,2020-01-21T13:28:20Z,,,CC21012020,50M NEE,50M NEE,,Waypoint,user,,,,,,,,,,,SymbolAndName,,,2020-01-21T13:28:20Z
336,25/02/2020,-26.63053801,-55.66985596,252.639084,2020-02-26T10:49:47Z,,,CC250220202,,,,Waypoint,user,,,,,,,,,,,SymbolAndName,,,2020-02-26T10:49:47Z
461,25/02/2020,-26.63787,-55.66421804,258.128601,2020-02-24T21:34:41Z,,,CFC25022020,,,,Waypoint,user,,,,,,,,,,,SymbolAndName,,,2020-02-24T21:34:41Z
370,27/02/2020,-26.6319714,-55.66030646,205.725708,2020-02-27T13:31:16Z,,,CC27022020,10M IN,10M IN,,Waypoint,user,,,,,,,,,,,SymbolAndName,,,2020-02-27T13:31:16Z
371,27/02/2020,-26.62251192,-55.66429071,289.942566,2020-02-27T20:06:29Z,,,CC270220202,,,,Waypoint,user,,,,,,,,,,,SymbolAndName,,,2020-02-27T20:06:29Z
372,27/02/2020,-26.63060498,-55.67036801,280.550659,2020-02-29T09:19:31Z,,,CC270220205,SS,SS,,Waypoint,user,,,,,,,,,,,SymbolAndName,,,2020-02-29T09:19:31Z
386,28/02/2020,-26.63044648,-55.67006123,280.573425,2020-02-29T09:19:16Z,,,CC28022020,,,,Waypoint,user,,,,,,,,,,,SymbolAndName,,,2020-02-29T09:19:16Z
404,29/02/2020,-26.62412745,-55.66060309,289.326416,2020-02-29T14:55:41Z,,,CC29022020,150M OUT,150M OUT,,Waypoint,user,,,,,,,,,,,SymbolAndName,,,2020-02-29T14:55:41Z
405,29/02/2020,-26.62437103,-55.66258399,291.84967,2020-02-29T15:03:31Z,,,CC290220202,ON TRAIL 50M IN,ON TRAIL 50M IN,,Waypoint,user,,,,,,,,,,,SymbolAndName,,,2020-02-29T15:03:31Z
406,29/02/2020,-26.62460421,-55.66330475,291.84967,2020-02-29T15:03:31Z,,,CC2902202021,ON TRAIL 50M IN,ON TRAIL 50M IN,,Waypoint,user,,,,,,,,,,,SymbolAndName,,,2020-02-29T15:03:31Z
407,29/02/2020,-26.63040876,-55.67007037,272.497711,2020-03-01T09:19:28Z,,,CC290220203,SS,SS,,Waypoint,user,,,,,,,,,,,SymbolAndName,,,2020-03-01T09:19:28Z
3,01/03/2020,-26.63070104,-55.67019803,272.54303,2020-03-01T09:19:50Z,,,CC01032020,,,,Waypoint,user,,,,,,,,,,,SymbolAndName,,,2020-03-01T09:19:50Z
4,01/03/2020,-26.63014457,-55.66815075,281.30188,2020-03-01T10:28:52Z,,,CC010320202,AND 200M IN,AND 200M IN,,Waypoint,user,,,,,,,,,,,SymbolAndName,,,2020-03-01T10:28:52Z